epoch,train_loss,train_behavior_loss,train_illegal_loss,train_accuracy,train_steps,rollout_constraint_loss,rollout_constraint_steps,rollout_prevented_illegal_rate,rollout_constraint_revisit_rate,rollout_recovery_targets,val_loss,val_behavior_loss,val_illegal_loss,val_accuracy,val_steps,rollout_score,human_similarity_score,trial_weighted_rollout_score,reached_goal_rate,mean_excess_steps,mean_hit_rate,mean_revisit_rate,mean_efficiency,task1_rollout_score,task1_human_similarity_score,task1_reached_goal_rate,task1_mean_hit_rate,task1_mean_excess_steps,task2_rollout_score,task2_human_similarity_score,task2_reached_goal_rate,task2_mean_hit_rate,task2_mean_excess_steps,task3_rollout_score,task3_human_similarity_score,task3_reached_goal_rate,task3_mean_hit_rate,task3_mean_excess_steps,task4_rollout_score,task4_human_similarity_score,task4_reached_goal_rate,task4_mean_hit_rate,task4_mean_excess_steps,selection_metric,selection_value
1,1.197598,1.191587,0.300528,0.470205,4145,1.019541,649,0.016949,0.11094,503,1.05552,1.049682,0.291938,0.569026,1427,-0.659355,0.076822,-0.255679,0.277509,35.464469,0.396629,0.177489,0.23786,-0.447704,0.063806,0.333333,0.197451,34.666667,-1.101198,0.053294,0.153846,0.573749,38.076923,-1.448953,0.041985,0.08,0.654667,41.0,0.360434,0.148203,0.542857,0.16065,28.114286,human_similarity,0.076822
2,1.000884,0.995991,0.24465,0.588661,4145,0.898521,651,0.009217,0.158218,481,0.950587,0.945323,0.263177,0.623686,1427,0.270987,0.103346,0.437307,0.528773,27.831658,0.250798,0.203236,0.330324,1.287328,0.111204,0.833333,0.126239,21.083333,-0.241529,0.066768,0.384615,0.336706,30.846154,-0.833296,0.046905,0.24,0.41362,37.04,0.871445,0.188506,0.657143,0.126628,22.357143,human_similarity,0.103346
3,0.879355,0.875,0.217756,0.648251,4145,1.087353,554,0.012635,0.095668,396,0.903373,0.898273,0.254956,0.632095,1427,0.623432,0.132518,0.845081,0.597344,23.155201,0.272359,0.120724,0.389576,1.584941,0.164165,0.833333,0.137056,14.333333,-0.130489,0.070087,0.384615,0.376138,29.384615,-0.251943,0.05665,0.4,0.420674,30.76,1.291219,0.239171,0.771429,0.155567,18.142857,human_similarity,0.132518
4,0.770143,0.765949,0.209691,0.703257,4145,1.114382,475,0.018947,0.058947,282,0.87484,0.869816,0.2512,0.664331,1427,1.295135,0.188103,1.209018,0.782308,17.451593,0.233604,0.097914,0.480116,2.197631,0.301639,1.0,0.125861,8.5,1.44864,0.144404,0.769231,0.235496,14.769231,0.167121,0.061795,0.56,0.407994,28.48,1.367147,0.244575,0.8,0.165065,18.057143,human_similarity,0.188103
5,0.662331,0.658169,0.208062,0.750302,4145,1.228512,515,0.015534,0.130097,350,0.863774,0.859028,0.237288,0.679748,1427,1.754445,0.257995,1.678248,0.874936,12.759954,0.17427,0.088564,0.562214,1.991429,0.222747,0.916667,0.104835,11.083333,2.262906,0.371984,0.923077,0.121282,6.230769,1.008143,0.087442,0.76,0.30783,20.44,1.755304,0.349806,0.9,0.163133,13.285714,human_similarity,0.257995
6,0.555371,0.551186,0.209252,0.788661,4145,1.018415,474,0.004219,0.111814,301,0.912527,0.907958,0.228481,0.679748,1427,1.74588,0.235387,1.725377,0.865705,12.61098,0.156858,0.095524,0.556495,1.919169,0.197088,0.916667,0.111285,12.416667,2.005826,0.260645,0.846154,0.137587,8.461538,1.247942,0.103866,0.8,0.218,17.28,1.810584,0.37995,0.9,0.160561,12.285714,human_similarity,0.235387
7,0.471517,0.467275,0.212089,0.831122,4145,0.860579,356,0.025281,0.095506,187,0.899121,0.894737,0.219185,0.688157,1427,2.039861,0.336854,1.904593,0.952143,9.615531,0.144051,0.089468,0.575069,2.350964,0.462811,1.0,0.100324,5.833333,2.35913,0.347023,1.0,0.102022,6.923077,1.595192,0.130847,0.88,0.198488,13.92,1.854158,0.406733,0.928571,0.175369,11.785714,human_similarity,0.336854
8,0.396377,0.392086,0.214568,0.861037,4145,0.795816,405,0.007407,0.069136,181,0.928946,0.924585,0.218053,0.688858,1427,1.90805,0.281854,1.863504,0.898507,10.924707,0.14091,0.082559,0.584528,2.019731,0.239326,0.916667,0.092674,10.333333,2.260455,0.327776,0.923077,0.102254,7.076923,1.436517,0.114882,0.84,0.206307,15.76,1.915497,0.445434,0.914286,0.162405,10.528571,human_similarity,0.281854
9,0.308056,0.303852,0.210222,0.893607,4145,1.295856,523,0.007648,0.118547,306,0.978603,0.973914,0.234489,0.68185,1427,1.966295,0.355101,1.917959,0.914881,9.688297,0.174146,0.073503,0.5959,1.974928,0.232857,0.916667,0.128226,10.5,2.489299,0.563952,1.0,0.12595,4.384615,1.421594,0.127346,0.8,0.264976,14.04,1.979361,0.49625,0.942857,0.17743,9.828571,human_similarity,0.355101
10,0.265477,0.261078,0.219937,0.910495,4145,0.548849,324,0.009259,0.070988,104,1.015719,1.011272,0.222355,0.694464,1427,1.934256,0.302211,1.858291,0.932143,10.366566,0.1708,0.091846,0.554346,2.254046,0.384253,1.0,0.11511,6.75,2.199972,0.276994,1.0,0.159361,8.307692,1.388084,0.117458,0.8,0.255134,15.28,1.894923,0.430139,0.928571,0.153596,11.128571,human_similarity,0.302211
11,0.205328,0.200943,0.219276,0.933414,4145,1.111323,407,0.009828,0.054054,173,1.077089,1.072608,0.224055,0.695165,1427,1.963514,0.319518,1.917083,0.922912,9.522976,0.168616,0.088604,0.573713,2.294878,0.398492,1.0,0.087915,6.583333,1.985146,0.223497,0.923077,0.165288,10.0,1.632837,0.151694,0.84,0.241739,11.88,1.941195,0.504387,0.928571,0.179521,9.628571,human_similarity,0.319518
12,0.175807,0.171441,0.218344,0.946924,4145,1.243932,463,0.023758,0.161987,249,1.101031,1.096466,0.228255,0.693062,1427,1.8969,0.368004,1.760379,0.901429,10.448516,0.183846,0.065959,0.580959,2.435914,0.637902,1.0,0.101515,4.5,2.323982,0.332329,1.0,0.126105,7.076923,1.025254,0.094622,0.72,0.336127,18.76,1.802449,0.407165,0.885714,0.171639,11.457143,human_similarity,0.368004
13,0.143136,0.138681,0.22275,0.957057,4145,1.288418,415,0.004819,0.13494,212,1.152773,1.148352,0.22108,0.688157,1427,1.966174,0.34244,1.909942,0.942857,9.64859,0.179116,0.10155,0.55383,2.278251,0.390534,1.0,0.126133,6.666667,2.258088,0.366748,1.0,0.179018,6.307692,1.344134,0.11528,0.8,0.232298,15.52,1.984221,0.497197,0.971429,0.179016,10.1,human_similarity,0.34244
14,0.117473,0.113002,0.223542,0.965501,4145,0.776579,312,0.0,0.108974,127,1.168561,1.16436,0.210042,0.689559,1427,1.939042,0.32065,1.843936,0.925714,10.492436,0.156233,0.090338,0.563508,2.337035,0.401039,1.0,0.089957,6.666667,2.306679,0.342067,1.0,0.11762,6.923077,1.214018,0.103537,0.76,0.251463,17.28,1.898437,0.435958,0.942857,0.165892,11.1,human_similarity,0.32065
15,0.08467,0.080173,0.224809,0.975875,4145,1.291324,345,0.014493,0.113043,168,1.14935,1.145202,0.207426,0.706377,1427,2.024067,0.309774,1.939488,0.952143,9.781722,0.153809,0.091943,0.573057,2.294626,0.393673,1.0,0.125915,6.666667,2.182953,0.233095,1.0,0.130986,9.923077,1.699634,0.150658,0.88,0.186739,12.08,1.919054,0.461671,0.928571,0.171596,10.457143,human_similarity,0.309774
16,0.071318,0.066835,0.224172,0.982147,4145,1.393063,360,0.002778,0.061111,176,1.214271,1.21014,0.206552,0.70007,1427,2.018372,0.312325,1.945081,0.952857,10.021035,0.149351,0.092221,0.569658,2.229744,0.288347,1.0,0.095343,8.916667,2.350623,0.3712,1.0,0.122624,6.384615,1.520529,0.12855,0.84,0.199499,14.04,1.972592,0.461203,0.971429,0.179938,10.742857,human_similarity,0.312325
17,0.05996,0.055451,0.225468,0.985283,4145,1.172389,407,0.004914,0.113022,179,1.219363,1.215248,0.205708,0.700771,1427,2.033912,0.363387,1.894184,0.948571,8.910705,0.152488,0.086049,0.5605,2.397644,0.568223,1.0,0.107977,4.916667,2.226969,0.299093,1.0,0.113118,7.846154,1.693169,0.153002,0.88,0.202381,11.88,1.817865,0.433232,0.914286,0.186476,11.0,human_similarity,0.363387
18,0.050343,0.045816,0.226383,0.986972,4145,1.333862,371,0.008086,0.126685,177,1.222742,1.218641,0.205067,0.707078,1427,1.9822,0.310099,1.943265,0.940055,10.012683,0.150775,0.099882,0.563043,2.330385,0.383819,1.0,0.096606,6.916667,1.975363,0.224059,0.923077,0.130531,10.076923,1.645913,0.139887,0.88,0.196653,13.0,1.977138,0.49263,0.957143,0.17931,10.057143,human_similarity,0.310099
19,0.042605,0.038079,0.226312,0.989144,4145,1.049398,364,0.008242,0.120879,148,1.260005,1.255882,0.206148,0.714085,1427,2.093208,0.446831,1.984053,0.946484,8.313636,0.142208,0.076914,0.594182,2.506941,0.86851,1.0,0.071518,3.583333,2.126651,0.28139,0.923077,0.116893,8.076923,1.808672,0.162653,0.92,0.201243,11.28,1.930569,0.474772,0.942857,0.179178,10.314286,human_similarity,0.446831
20,0.035919,0.031383,0.226819,0.990832,4145,1.12115,343,0.023324,0.067055,133,1.284987,1.280932,0.202726,0.706377,1427,2.032513,0.367086,1.947643,0.936484,9.111245,0.140178,0.088697,0.580504,2.443891,0.591839,1.0,0.076097,4.833333,2.060208,0.254506,0.923077,0.111857,8.923077,1.69353,0.147493,0.88,0.195896,12.36,1.932422,0.474508,0.942857,0.176863,10.328571,human_similarity,0.367086
