epoch,train_loss,train_behavior_loss,train_illegal_loss,train_relative_loss,train_next_pos_loss,train_collision_loss,train_distance_delta_loss,train_loop_loss,train_newly_seen_wall_loss,train_accuracy,train_steps,rollout_constraint_loss,rollout_constraint_steps,rollout_prevented_illegal_rate,rollout_constraint_revisit_rate,rollout_recovery_targets,val_loss,val_behavior_loss,val_illegal_loss,val_relative_loss,val_next_pos_loss,val_collision_loss,val_distance_delta_loss,val_loop_loss,val_newly_seen_wall_loss,val_accuracy,val_steps,rollout_score,human_similarity_score,trial_weighted_rollout_score,reached_goal_rate,mean_excess_steps,mean_hit_rate,mean_revisit_rate,mean_efficiency,task1_rollout_score,task1_human_similarity_score,task1_reached_goal_rate,task1_mean_hit_rate,task1_mean_excess_steps,task2_rollout_score,task2_human_similarity_score,task2_reached_goal_rate,task2_mean_hit_rate,task2_mean_excess_steps,task3_rollout_score,task3_human_similarity_score,task3_reached_goal_rate,task3_mean_hit_rate,task3_mean_excess_steps,task4_rollout_score,task4_human_similarity_score,task4_reached_goal_rate,task4_mean_hit_rate,task4_mean_excess_steps,selection_metric,selection_value
1,1.825577,1.117742,0.297139,1.225827,3.30497,0.604702,0.601597,0.632037,0.20042,0.523447,4329,0.0,405,0.212346,0.2,0,1.577588,0.948606,0.289895,1.13991,2.831724,0.55663,0.547976,0.600315,0.095003,0.622239,1313,1.59468,0.211641,1.65701,0.833974,16.590769,0.0245,0.192892,0.521211,1.836971,0.119894,0.833333,0.035973,13.083333,1.015531,0.133628,0.769231,0.012658,23.923077,1.773594,0.223298,0.833333,0.041985,12.916667,1.752624,0.369744,0.9,0.007384,16.44,human_similarity,0.211641
2,1.471972,0.916341,0.234936,1.088501,2.248447,0.551532,0.53041,0.554517,0.073736,0.636868,4329,0.0,490,0.208163,0.189796,0,1.353119,0.838752,0.274989,1.016589,2.020658,0.525703,0.515499,0.550299,0.062471,0.658035,1313,2.271981,0.382074,2.220623,0.995,9.707692,0.019493,0.094368,0.626553,2.56787,0.35256,1.0,0.034259,4.75,2.289214,0.412587,1.0,0.00777,9.230769,2.076898,0.230304,1.0,0.030556,13.25,2.153944,0.532844,0.98,0.005385,11.6,human_similarity,0.382074
3,1.296031,0.831768,0.22946,0.982188,1.620399,0.526083,0.499816,0.520841,0.042883,0.669901,4329,0.0,384,0.203125,0.184896,0,1.245524,0.802174,0.280947,0.930189,1.534828,0.50266,0.492587,0.524239,0.054445,0.685453,1313,2.236152,0.394366,2.250392,0.959936,9.241538,0.034122,0.086643,0.655481,2.349755,0.26552,0.916667,0.057106,6.083333,1.957447,0.253534,0.923077,0.014292,13.846154,2.361316,0.443484,1.0,0.045928,7.416667,2.276089,0.614926,1.0,0.019162,9.62,human_similarity,0.394366
4,1.172716,0.765182,0.22849,0.896366,1.265532,0.509715,0.478362,0.499975,0.036381,0.697621,4329,0.0,321,0.221184,0.149533,0,1.185451,0.78249,0.277976,0.876318,1.274548,0.489819,0.471301,0.507973,0.045938,0.690023,1313,2.280477,0.390685,2.267921,0.943333,8.208462,0.038715,0.076875,0.701787,2.353924,0.242737,0.916667,0.055261,6.666667,2.361488,0.425239,1.0,0.024328,9.153846,2.156901,0.368418,0.916667,0.047636,8.333333,2.249598,0.526346,0.94,0.027635,8.68,human_similarity,0.390685
5,1.070431,0.701756,0.22548,0.822705,1.050397,0.500788,0.455173,0.489301,0.035839,0.727651,4329,0.0,324,0.212963,0.151235,0,1.157785,0.776937,0.266673,0.846409,1.135037,0.476927,0.46263,0.496665,0.048108,0.690023,1313,2.49082,0.556755,2.446024,1.0,6.089167,0.037448,0.068003,0.730655,2.825299,0.623052,1.0,0.032336,1.166667,2.238173,0.343049,1.0,0.032015,11.0,2.504899,0.763947,1.0,0.056058,4.75,2.394909,0.496973,1.0,0.029383,7.44,human_similarity,0.556755
6,0.967649,0.629573,0.229707,0.753833,0.913016,0.489745,0.431947,0.476921,0.031804,0.759529,4329,0.0,261,0.172414,0.091954,0,1.150709,0.783995,0.253329,0.826105,1.040621,0.470796,0.459524,0.490901,0.056588,0.696877,1313,2.470487,0.520421,2.412303,0.995,6.55,0.033615,0.074472,0.733668,2.778716,0.714769,1.0,0.012133,2.5,2.662886,0.599578,1.0,0.027015,3.0,2.108131,0.244766,1.0,0.0613,12.5,2.332214,0.522571,0.98,0.034014,8.2,human_similarity,0.520421
7,0.863143,0.552503,0.231841,0.687844,0.812787,0.468572,0.410231,0.456926,0.03155,0.789328,4329,0.0,358,0.175978,0.159218,0,1.178662,0.81124,0.255433,0.861361,1.009567,0.452925,0.451699,0.476865,0.049439,0.699162,1313,2.181633,0.316564,2.307793,0.9375,9.664295,0.046134,0.094026,0.67108,2.272056,0.23394,0.833333,0.018333,6.75,2.258546,0.422827,1.0,0.061535,9.153846,1.727485,0.172794,0.916667,0.067403,16.833333,2.468448,0.436694,1.0,0.037266,5.92,human_similarity,0.316564
8,0.78017,0.495662,0.23373,0.632771,0.721904,0.433118,0.400039,0.424553,0.024435,0.811735,4329,0.0,295,0.186441,0.118644,0,1.339134,0.949708,0.279091,0.926466,1.08689,0.462701,0.449672,0.485867,0.047929,0.665651,1313,2.079821,0.340221,2.086632,0.924103,10.667436,0.059168,0.107739,0.642069,2.133027,0.187471,0.833333,0.026957,8.416667,1.804156,0.231258,0.923077,0.092346,14.923077,2.279435,0.365574,1.0,0.059064,8.75,2.102668,0.576581,0.94,0.058304,10.58,human_similarity,0.340221
9,0.699229,0.434376,0.240587,0.588002,0.653374,0.408383,0.383124,0.412469,0.025959,0.833911,4329,0.0,310,0.158065,0.109677,0,1.233365,0.864688,0.265621,0.873635,0.989477,0.452731,0.445196,0.488226,0.061172,0.703732,1313,2.525181,0.519611,2.492579,1.0,4.931667,0.061656,0.057988,0.745651,2.880873,0.569421,1.0,0.011905,1.0,2.350901,0.497196,1.0,0.068906,8.0,2.413824,0.593391,1.0,0.09323,5.666667,2.455126,0.418437,1.0,0.072582,5.06,human_similarity,0.519611
10,0.62654,0.380979,0.245055,0.534737,0.591762,0.397389,0.363103,0.405516,0.025347,0.857935,4329,0.0,312,0.144231,0.105769,0,1.239953,0.875634,0.25451,0.873427,0.94339,0.452516,0.457314,0.476827,0.066712,0.706017,1313,2.397237,0.522326,2.333336,0.969167,6.645449,0.038868,0.084514,0.723167,2.843968,0.615842,1.0,0.0,1.166667,2.480206,0.643614,1.0,0.026543,6.538462,2.016023,0.288228,0.916667,0.062313,10.416667,2.248753,0.541622,0.96,0.066614,8.46,human_similarity,0.522326
11,0.498179,0.282591,0.25028,0.45007,0.50654,0.377953,0.346679,0.373045,0.02277,0.897898,4329,0.0,319,0.097179,0.109718,0,1.307561,0.945063,0.247664,0.904927,0.911903,0.434916,0.456076,0.448678,0.03186,0.709063,1313,2.3389,0.396141,2.328373,0.975769,7.892628,0.055084,0.101287,0.708722,2.647142,0.391696,1.0,0.03195,4.416667,2.048896,0.29763,0.923077,0.056369,12.153846,2.337133,0.40935,1.0,0.051649,8.0,2.322429,0.485889,0.98,0.080367,7.0,human_similarity,0.396141
12,0.431391,0.233748,0.251712,0.403793,0.45517,0.357624,0.335395,0.357074,0.019648,0.919612,4329,0.0,327,0.091743,0.119266,0,1.37226,1.008329,0.262467,0.912006,0.932011,0.417013,0.449856,0.443526,0.039169,0.70297,1313,2.363779,0.512356,2.37157,0.979167,6.821474,0.057367,0.086307,0.690507,2.79125,0.72646,1.0,0.027877,1.5,2.426806,0.613226,1.0,0.030317,6.769231,1.857104,0.23524,0.916667,0.098089,12.416667,2.379957,0.474497,1.0,0.073186,6.6,human_similarity,0.512356
13,0.354166,0.183659,0.25672,0.334113,0.389187,0.319761,0.31102,0.324687,0.0201,0.938323,4329,0.0,320,0.1125,0.1375,0,1.413547,1.045055,0.265405,0.930337,0.939353,0.41675,0.454286,0.448593,0.033414,0.705255,1313,2.416242,0.53056,2.305751,0.99,7.234744,0.058282,0.083339,0.733245,2.80109,0.69835,1.0,0.032186,1.416667,2.403938,0.458938,1.0,0.04744,8.692308,2.296339,0.344973,1.0,0.064575,9.25,2.1636,0.619977,0.96,0.088927,9.58,human_similarity,0.53056
14,0.314937,0.164775,0.253239,0.288461,0.334004,0.288363,0.291638,0.297411,0.015617,0.943636,4329,0.0,271,0.092251,0.103321,0,1.508835,1.117783,0.276934,0.988407,0.970724,0.474189,0.445053,0.495956,0.036581,0.696116,1313,2.207989,0.417966,2.125593,0.949936,8.722051,0.065489,0.106416,0.664736,2.579828,0.396745,1.0,0.058912,4.25,2.127087,0.353154,0.923077,0.04546,10.461538,2.103568,0.342022,0.916667,0.063081,8.916667,2.021474,0.579941,0.96,0.094502,11.26,human_similarity,0.417966
15,0.266761,0.130603,0.257366,0.251288,0.291653,0.27448,0.283896,0.285618,0.016218,0.956341,4329,0.0,245,0.077551,0.077551,0,1.542003,1.152022,0.259617,0.997725,0.9665,0.454145,0.456613,0.482673,0.028134,0.718203,1313,2.370763,0.55483,2.339176,0.979167,6.649679,0.070202,0.089789,0.703997,2.790641,0.754378,1.0,0.034188,1.583333,2.412838,0.641081,1.0,0.047065,6.615385,1.982234,0.282332,0.916667,0.112098,10.5,2.297338,0.54153,1.0,0.087456,7.9,human_similarity,0.55483
16,0.235189,0.114231,0.256673,0.211342,0.259285,0.255749,0.263817,0.266675,0.013226,0.963271,4329,0.0,336,0.056548,0.151786,0,1.537229,1.150633,0.254049,1.005261,0.964248,0.414807,0.474372,0.455137,0.023268,0.721249,1313,2.340346,0.561857,2.218067,0.969167,6.921603,0.075385,0.092027,0.70678,2.818697,0.642316,1.0,0.043956,1.25,2.586871,0.746167,1.0,0.039722,3.923077,1.901912,0.24738,0.916667,0.114898,11.833333,2.053904,0.611564,0.96,0.102966,10.68,human_similarity,0.561857
17,0.194747,0.086998,0.258686,0.185044,0.223878,0.232827,0.246082,0.245003,0.010307,0.973897,4329,0.0,316,0.066456,0.129747,0,1.610125,1.207023,0.257745,1.063018,0.989163,0.436469,0.452433,0.483276,0.023003,0.713633,1313,2.317565,0.583806,2.244672,0.953333,6.836474,0.070405,0.091528,0.708928,2.545667,0.394092,0.916667,0.011667,4.166667,2.514634,0.944195,1.0,0.049803,4.769231,2.064467,0.343839,0.916667,0.126421,8.75,2.145493,0.653099,0.98,0.093731,9.66,human_similarity,0.583806
18,0.147133,0.060012,0.261342,0.133891,0.178047,0.200922,0.222616,0.218096,0.008199,0.982213,4329,0.0,271,0.02583,0.125461,0,1.666087,1.257719,0.242876,1.078068,0.998917,0.442587,0.465254,0.484175,0.022657,0.700685,1313,2.405543,0.553057,2.327003,0.974167,6.432692,0.05086,0.095662,0.729143,2.861944,0.593828,1.0,0.01746,1.083333,2.461067,0.701112,1.0,0.040828,6.230769,2.074895,0.322554,0.916667,0.057746,9.416667,2.224267,0.594736,0.98,0.087405,9.0,human_similarity,0.553057
19,0.10798,0.038827,0.260373,0.095096,0.142581,0.164947,0.200153,0.180934,0.006535,0.991222,4329,0.0,320,0.040625,0.125,0,1.711165,1.291782,0.242064,1.122762,1.007282,0.446619,0.481447,0.48609,0.021289,0.704494,1313,2.434396,0.552687,2.365025,0.979167,5.650513,0.063715,0.079211,0.728234,2.840278,0.638611,1.0,0.01746,1.25,2.614121,0.68771,1.0,0.042965,3.615385,2.01234,0.316757,0.916667,0.100035,9.416667,2.270844,0.567669,1.0,0.094399,8.32,human_similarity,0.552687
20,0.088582,0.030427,0.261467,0.073814,0.119431,0.142631,0.175286,0.162541,0.005902,0.993994,4329,0.0,301,0.039867,0.152824,0,1.695213,1.276205,0.237505,1.121361,1.012271,0.444584,0.469141,0.491274,0.02059,0.714395,1313,2.417363,0.562664,2.285838,0.974167,6.091282,0.060873,0.078681,0.731939,2.83798,0.619816,1.0,0.028283,1.166667,2.618796,0.675916,1.0,0.039546,3.538462,2.101737,0.339005,0.916667,0.069675,9.0,2.110939,0.615921,0.98,0.105987,10.66,human_similarity,0.562664
