,0,1,2,3,4,5,6,7,8,9,10,11,12,13,14,15,16,17,18,19,20,21,22,23,24,25,26,27,28,29,30,31,32,33,34,35,36,37,38,39,40,41,42,43,44,45,46,47,48
0,0.2566585956416465,0.15738498789346247,0.0,0.0,0.0,0.0,0.0,0.0,0.06295399515738499,0.3801452784503632,0.0,0.0,0.0,0.009685230024213076,0.0,0.014527845036319613,0.002421307506053269,0.0,0.0,0.007263922518159807,0.01937046004842615,0.0,0.0,0.0,0.04600484261501211,0.0,0.0,0.0,0.0,0.0,0.0,0.0,0.0,0.0,0.0,0.0,0.0,0.0,0.0,0.0387409200968523,0.0,0.0,0.0,0.004842615012106538,0.0,0.0,0.0,0.0,0.0
1,0.14114832535885166,0.284688995215311,0.0,0.0,0.0,0.0,0.0,0.0,0.07655502392344497,0.2583732057416268,0.004784688995215311,0.0,0.0,0.007177033492822967,0.0023923444976076554,0.007177033492822967,0.0,0.0,0.0,0.02631578947368421,0.0215311004784689,0.0,0.0,0.0,0.09808612440191387,0.0,0.0,0.0,0.0,0.0,0.0,0.0,0.0,0.0,0.0,0.0,0.0,0.0,0.0,0.07177033492822966,0.0,0.0,0.0,0.0,0.0,0.0,0.0,0.0,0.0
2,0.08950617283950617,0.1697530864197531,0.0030864197530864196,0.0,0.0,0.0,0.0,0.0,0.046296296296296294,0.42901234567901236,0.009259259259259259,0.0,0.0,0.06481481481481481,0.009259259259259259,0.009259259259259259,0.0030864197530864196,0.0,0.0,0.030864197530864196,0.027777777777777776,0.0,0.0,0.0,0.08024691358024691,0.0,0.0,0.0,0.0,0.0,0.0030864197530864196,0.0,0.0,0.0,0.0,0.0,0.0,0.0,0.0,0.024691358024691357,0.0,0.0,0.0,0.0,0.0,0.0,0.0,0.0,0.0
3,0.0995850622406639,0.25311203319502074,0.004149377593360996,0.0,0.0,0.0,0.0,0.0,0.06639004149377593,0.2863070539419087,0.008298755186721992,0.012448132780082987,0.0,0.012448132780082987,0.0,0.004149377593360996,0.0,0.0,0.0,0.012448132780082987,0.04564315352697095,0.0,0.0,0.0,0.07468879668049792,0.0,0.0,0.0,0.0,0.0,0.0,0.004149377593360996,0.0,0.0,0.0,0.0,0.0,0.0,0.0,0.0954356846473029,0.02074688796680498,0.0,0.0,0.0,0.0,0.0,0.0,0.0,0.0
4,0.0,0.16494845360824742,0.0,0.0,0.0,0.0,0.0,0.0,0.07216494845360824,0.16494845360824742,0.010309278350515464,0.010309278350515464,0.020618556701030927,0.030927835051546393,0.0,0.0,0.0,0.0,0.0,0.08247422680412371,0.061855670103092786,0.0,0.0,0.0,0.1134020618556701,0.0,0.0,0.0,0.0,0.0,0.0,0.0,0.0,0.0,0.0,0.0,0.0,0.0,0.0,0.26804123711340205,0.0,0.0,0.0,0.0,0.0,0.0,0.0,0.0,0.0
5,0.06077348066298342,0.055248618784530384,0.0,0.0,0.0,0.0,0.0,0.0,0.03867403314917127,0.292817679558011,0.0055248618784530384,0.0055248618784530384,0.016574585635359115,0.09392265193370165,0.0,0.011049723756906077,0.0,0.0,0.0,0.07734806629834254,0.06629834254143646,0.0,0.0,0.0,0.0718232044198895,0.0,0.0,0.0,0.0,0.0,0.0,0.0,0.0,0.0,0.0,0.0,0.0,0.0,0.0,0.20441988950276244,0.0,0.0,0.0,0.0,0.0,0.0,0.0,0.0,0.0
6,0.018404907975460124,0.07975460122699386,0.006134969325153374,0.0,0.0,0.0,0.0,0.0,0.03067484662576687,0.3128834355828221,0.006134969325153374,0.0,0.04294478527607362,0.08588957055214724,0.0,0.0,0.0,0.0,0.0,0.05521472392638037,0.11042944785276074,0.0,0.0,0.0,0.049079754601226995,0.0,0.0,0.0,0.0,0.0,0.0,0.0,0.0,0.0,0.0,0.0,0.0,0.0,0.0,0.20245398773006135,0.0,0.0,0.0,0.0,0.0,0.0,0.0,0.0,0.0
7,0.24253731343283583,0.15671641791044777,0.0037313432835820895,0.0,0.0,0.0,0.0,0.0,0.11940298507462686,0.2798507462686567,0.0,0.0,0.0,0.007462686567164179,0.007462686567164179,0.007462686567164179,0.0,0.0,0.0,0.014925373134328358,0.033582089552238806,0.0,0.0,0.0,0.0708955223880597,0.0,0.0,0.0,0.0,0.0,0.0,0.0,0.0,0.0,0.0,0.0,0.0,0.0,0.0,0.05223880597014925,0.0,0.0,0.0,0.0037313432835820895,0.0,0.0,0.0,0.0,0.0
8,0.14657210401891252,0.10874704491725769,0.0,0.0,0.0,0.0,0.0,0.0,0.13002364066193853,0.30260047281323876,0.002364066193853428,0.0,0.0,0.028368794326241134,0.002364066193853428,0.018912529550827423,0.004728132387706856,0.0,0.0,0.04728132387706856,0.054373522458628844,0.002364066193853428,0.0,0.0,0.07328605200945626,0.0,0.0,0.0,0.0,0.0,0.0,0.0,0.0,0.0,0.0,0.0,0.0,0.0,0.0,0.07092198581560284,0.0,0.0,0.0,0.0070921985815602835,0.0,0.0,0.0,0.0,0.0
9,0.08949416342412451,0.14980544747081712,0.0,0.0,0.0,0.0,0.0,0.0,0.07587548638132295,0.39299610894941633,0.0,0.0,0.0019455252918287938,0.01556420233463035,0.0019455252918287938,0.0038910505836575876,0.0,0.0,0.0,0.027237354085603113,0.04474708171206226,0.0,0.0,0.0,0.11478599221789883,0.0,0.0,0.0,0.0,0.0,0.0,0.0,0.0,0.0,0.0,0.0,0.0,0.0,0.0,0.07198443579766536,0.0019455252918287938,0.0,0.0,0.007782101167315175,0.0,0.0,0.0,0.0,0.0
10,0.07006369426751592,0.20063694267515925,0.0,0.0,0.0,0.0,0.0,0.0,0.041401273885350316,0.2643312101910828,0.01910828025477707,0.006369426751592357,0.0,0.03503184713375796,0.0,0.012738853503184714,0.0,0.0,0.0,0.03184713375796178,0.025477707006369428,0.0,0.0,0.0,0.10509554140127389,0.0,0.0,0.0,0.0,0.0,0.0,0.0,0.0,0.0,0.0,0.0,0.0,0.0,0.0,0.18471337579617833,0.0031847133757961785,0.0,0.0,0.0,0.0,0.0,0.0,0.0,0.0
11,0.028455284552845527,0.14634146341463414,0.0,0.0,0.0,0.0,0.0,0.0,0.052845528455284556,0.21544715447154472,0.044715447154471545,0.012195121951219513,0.0040650406504065045,0.0040650406504065045,0.0,0.008130081300813009,0.0,0.0,0.0,0.056910569105691054,0.06097560975609756,0.0,0.0,0.0,0.10569105691056911,0.0,0.0,0.0,0.0,0.0,0.0,0.0,0.0,0.0,0.0,0.0,0.0,0.0,0.0,0.2601626016260163,0.0,0.0,0.0,0.0,0.0,0.0,0.0,0.0,0.0
12,0.012396694214876033,0.10330578512396695,0.008264462809917356,0.0,0.0,0.0,0.0,0.0,0.06611570247933884,0.14049586776859505,0.01652892561983471,0.0,0.02066115702479339,0.03305785123966942,0.0,0.0,0.0,0.0,0.0,0.1115702479338843,0.049586776859504134,0.0,0.0,0.0,0.10743801652892562,0.0,0.0,0.0,0.0,0.0,0.0,0.0,0.0,0.0,0.0,0.0,0.0,0.0,0.0,0.3181818181818182,0.0,0.0,0.0,0.0,0.0,0.0,0.004132231404958678,0.008264462809917356,0.0
13,0.06306306306306306,0.05405405405405406,0.0045045045045045045,0.0,0.0,0.0,0.0,0.0,0.04954954954954955,0.3063063063063063,0.013513513513513514,0.013513513513513514,0.0,0.16216216216216217,0.0,0.0045045045045045045,0.0,0.0,0.0,0.18468468468468469,0.06306306306306306,0.0,0.0,0.0,0.03153153153153153,0.0,0.0,0.0,0.0,0.0,0.0,0.0,0.0,0.0,0.0,0.0,0.0,0.0,0.0,0.04954954954954955,0.0,0.0,0.0,0.0,0.0,0.0,0.0,0.0,0.0
14,0.2108843537414966,0.09523809523809523,0.0,0.0,0.0,0.0,0.0,0.0,0.08163265306122448,0.336734693877551,0.0,0.0,0.0,0.006802721088435374,0.013605442176870748,0.034013605442176874,0.003401360544217687,0.0,0.0,0.047619047619047616,0.030612244897959183,0.0,0.0,0.0,0.08843537414965986,0.0,0.0,0.0,0.0,0.0,0.0,0.0,0.0,0.0,0.0,0.0,0.0,0.0,0.0,0.05102040816326531,0.0,0.0,0.0,0.0,0.0,0.0,0.0,0.0,0.0
15,0.18566775244299674,0.06188925081433225,0.0,0.0,0.0,0.0,0.0,0.0,0.09771986970684039,0.34527687296416937,0.0,0.0,0.0,0.009771986970684038,0.006514657980456026,0.04234527687296417,0.009771986970684038,0.0,0.0,0.026058631921824105,0.03908794788273615,0.0,0.0,0.0,0.0781758957654723,0.0,0.0,0.0,0.0,0.0,0.0,0.0,0.0,0.0,0.0,0.0,0.0,0.0,0.0,0.09771986970684039,0.0,0.0,0.0,0.0,0.0,0.0,0.0,0.0,0.0
16,0.03116883116883117,0.09350649350649351,0.0,0.0,0.0,0.0,0.0,0.0,0.06493506493506493,0.2779220779220779,0.0,0.0,0.0,0.0,0.0,0.01038961038961039,0.0,0.0,0.0,0.07012987012987013,0.03116883116883117,0.0,0.0,0.0,0.08311688311688312,0.0,0.0,0.0,0.0,0.0,0.0,0.0,0.0,0.0,0.0,0.0,0.0,0.0,0.0,0.33766233766233766,0.0,0.0,0.0,0.0,0.0,0.0,0.0,0.0,0.0
17,0.022082018927444796,0.0914826498422713,0.0031545741324921135,0.0,0.0,0.0,0.0,0.0,0.07255520504731862,0.3627760252365931,0.00946372239747634,0.0,0.0,0.025236593059936908,0.0,0.015772870662460567,0.0,0.0,0.0,0.05993690851735016,0.0694006309148265,0.0,0.0,0.0,0.08832807570977919,0.0,0.0,0.0,0.0,0.0,0.0,0.0,0.0,0.0,0.0,0.0,0.0,0.0,0.0,0.17981072555205047,0.0,0.0,0.0,0.0,0.0,0.0,0.0,0.0,0.0
18,0.01652892561983471,0.03305785123966942,0.03305785123966942,0.0,0.0,0.0,0.0,0.0,0.04132231404958678,0.11983471074380166,0.01652892561983471,0.0,0.0,0.02066115702479339,0.0,0.0,0.0,0.0,0.0,0.09090909090909091,0.06198347107438017,0.0,0.0,0.0,0.10743801652892562,0.0,0.0,0.0,0.0,0.0,0.0,0.0,0.0,0.0,0.0,0.0,0.0,0.0,0.0,0.45041322314049587,0.008264462809917356,0.0,0.0,0.0,0.0,0.0,0.0,0.0,0.0
19,0.06741573033707865,0.028089887640449437,0.0028089887640449437,0.0,0.0,0.0,0.0,0.0,0.0028089887640449437,0.12359550561797752,0.008426966292134831,0.0,0.0028089887640449437,0.02247191011235955,0.0,0.0056179775280898875,0.0,0.0,0.0,0.14606741573033707,0.06179775280898876,0.0,0.0,0.0,0.05898876404494382,0.0,0.0,0.0,0.0,0.0,0.0,0.0,0.0,0.0,0.0,0.0,0.0,0.0,0.0,0.46629213483146065,0.0028089887640449437,0.0,0.0,0.0,0.0,0.0,0.0,0.0,0.0
20,0.047021943573667714,0.018808777429467086,0.0,0.0,0.0,0.0,0.0,0.0,0.0219435736677116,0.09717868338557993,0.012539184952978056,0.006269592476489028,0.0,0.012539184952978056,0.0,0.0,0.0,0.0,0.0,0.08463949843260188,0.21003134796238246,0.0,0.0,0.0,0.05329153605015674,0.0,0.0,0.0,0.0,0.0,0.0,0.0,0.0,0.0,0.0,0.0,0.0,0.0,0.0,0.42946708463949845,0.0,0.0,0.0,0.0,0.0,0.0,0.0,0.006269592476489028,0.0
21,0.16342412451361868,0.058365758754863814,0.0,0.0,0.0,0.0,0.0,0.0,0.13229571984435798,0.29961089494163423,0.0,0.0,0.0,0.007782101167315175,0.027237354085603113,0.01556420233463035,0.0038910505836575876,0.0,0.0,0.01556420233463035,0.011673151750972763,0.0,0.0,0.0,0.07392996108949416,0.0,0.0,0.0,0.0,0.0,0.0,0.0,0.0,0.0,0.0,0.0,0.0,0.0,0.0,0.19066147859922178,0.0,0.0,0.0,0.0,0.0,0.0,0.0,0.0,0.0
22,0.12903225806451613,0.11612903225806452,0.0,0.0,0.0,0.0,0.0,0.0,0.09032258064516129,0.3419354838709677,0.0,0.0,0.0,0.0064516129032258064,0.01935483870967742,0.025806451612903226,0.0,0.0,0.0,0.06451612903225806,0.01935483870967742,0.0,0.0,0.0,0.07741935483870968,0.0,0.0,0.0,0.0,0.0,0.0,0.0,0.0,0.0,0.0,0.0,0.0,0.0,0.0,0.10967741935483871,0.0,0.0,0.0,0.0,0.0,0.0,0.0,0.0,0.0
23,0.06060606060606061,0.041666666666666664,0.0,0.0,0.0,0.0,0.0,0.0,0.06818181818181818,0.26515151515151514,0.003787878787878788,0.0,0.0,0.015151515151515152,0.0,0.003787878787878788,0.0,0.0,0.0,0.045454545454545456,0.0946969696969697,0.0,0.0,0.0,0.030303030303030304,0.0,0.0,0.0,0.0,0.0,0.0,0.0,0.0,0.0,0.0,0.0,0.0,0.0,0.0,0.36363636363636365,0.003787878787878788,0.0,0.0,0.0,0.0,0.0,0.0,0.003787878787878788,0.0
24,0.016,0.072,0.0,0.0,0.0,0.0,0.0,0.0,0.046,0.23,0.0,0.0,0.004,0.01,0.0,0.014,0.0,0.0,0.0,0.026,0.036,0.0,0.0,0.0,0.188,0.0,0.0,0.0,0.0,0.0,0.0,0.0,0.0,0.0,0.0,0.0,0.0,0.0,0.0,0.358,0.0,0.0,0.0,0.0,0.0,0.0,0.0,0.0,0.0
25,0.016835016835016835,0.08080808080808081,0.0,0.0,0.0,0.0,0.0,0.0,0.04713804713804714,0.11784511784511785,0.030303030303030304,0.0,0.0,0.02356902356902357,0.0,0.0,0.0,0.0,0.0,0.05723905723905724,0.06734006734006734,0.0,0.0,0.0,0.05723905723905724,0.0,0.0,0.0,0.0,0.0,0.0,0.0,0.0,0.0,0.0,0.0,0.0,0.0,0.0,0.49158249158249157,0.010101010101010102,0.0,0.0,0.0,0.0,0.0,0.0,0.0,0.0
26,0.03680981595092025,0.024539877300613498,0.006134969325153374,0.0,0.0,0.0,0.0,0.0,0.018404907975460124,0.049079754601226995,0.006134969325153374,0.018404907975460124,0.0,0.0736196319018405,0.0,0.0,0.0,0.0,0.0,0.07975460122699386,0.18404907975460122,0.0,0.0,0.0,0.0736196319018405,0.0,0.0,0.0,0.0,0.0,0.0,0.0,0.0,0.0,0.0,0.0,0.0,0.0,0.0,0.4233128834355828,0.006134969325153374,0.0,0.0,0.0,0.0,0.0,0.0,0.0,0.0
27,0.024539877300613498,0.006134969325153374,0.0,0.0,0.0,0.0,0.0,0.0,0.024539877300613498,0.04294478527607362,0.006134969325153374,0.0,0.0,0.024539877300613498,0.0,0.0,0.0,0.0,0.0,0.09202453987730061,0.25766871165644173,0.0,0.0,0.0,0.018404907975460124,0.0,0.0,0.0,0.0,0.0,0.0,0.0,0.0,0.0,0.0,0.0,0.0,0.0,0.0,0.49693251533742333,0.0,0.0,0.0,0.0,0.0,0.0,0.0,0.006134969325153374,0.0
28,0.07913669064748201,0.05755395683453238,0.0,0.0,0.0,0.0,0.0,0.0,0.050359712230215826,0.2158273381294964,0.0,0.0,0.0,0.0,0.0,0.014388489208633094,0.0,0.0,0.0,0.02877697841726619,0.02158273381294964,0.0,0.0,0.0,0.07913669064748201,0.0,0.0,0.0,0.0,0.0,0.0,0.0,0.0,0.0,0.0,0.0,0.0,0.0,0.0,0.45323741007194246,0.0,0.0,0.0,0.0,0.0,0.0,0.0,0.0,0.0
29,0.09944751381215469,0.03867403314917127,0.0,0.0,0.0,0.0,0.0,0.0,0.0718232044198895,0.2596685082872928,0.0,0.0,0.0,0.03867403314917127,0.011049723756906077,0.022099447513812154,0.0,0.0,0.0,0.022099447513812154,0.08839779005524862,0.0,0.0,0.0,0.049723756906077346,0.0,0.0,0.0,0.0,0.0,0.0,0.0,0.0,0.0,0.0,0.0,0.0,0.0,0.0,0.292817679558011,0.0,0.0,0.0,0.0055248618784530384,0.0,0.0,0.0,0.0,0.0
30,0.08888888888888889,0.011111111111111112,0.0,0.0,0.0,0.0,0.0,0.0,0.022222222222222223,0.4,0.0,0.0,0.0,0.05,0.011111111111111112,0.016666666666666666,0.0,0.0,0.0,0.1111111111111111,0.05555555555555555,0.0,0.0,0.0,0.044444444444444446,0.0,0.0,0.0,0.0,0.0,0.0,0.0,0.0,0.0,0.0,0.0,0.0,0.0,0.0,0.18333333333333332,0.005555555555555556,0.0,0.0,0.0,0.0,0.0,0.0,0.0,0.0
31,0.012345679012345678,0.06481481481481481,0.0,0.0,0.0,0.0,0.0,0.0,0.030864197530864196,0.07716049382716049,0.0,0.0,0.006172839506172839,0.006172839506172839,0.0,0.006172839506172839,0.0,0.0,0.0,0.033950617283950615,0.12037037037037036,0.0,0.0,0.0,0.14506172839506173,0.0,0.0,0.0,0.0,0.0,0.0,0.0,0.0,0.0,0.0,0.0,0.0,0.0,0.0,0.49382716049382713,0.0,0.0,0.0,0.0,0.0,0.0,0.0,0.0030864197530864196,0.0
32,0.02464788732394366,0.03873239436619718,0.0,0.0,0.0,0.0,0.0,0.0,0.02112676056338028,0.07042253521126761,0.0,0.0,0.01056338028169014,0.0,0.0,0.0,0.007042253521126761,0.0,0.0,0.02112676056338028,0.09154929577464789,0.0,0.0,0.0,0.16901408450704225,0.0,0.0,0.0,0.0,0.0,0.0,0.0,0.0,0.0,0.0,0.0,0.0,0.0,0.0,0.5422535211267606,0.0,0.0,0.0,0.0035211267605633804,0.0,0.0,0.0,0.0,0.0
33,0.040145985401459854,0.025547445255474453,0.0,0.0,0.0,0.0,0.0,0.0,0.0072992700729927005,0.058394160583941604,0.0,0.0,0.0072992700729927005,0.01824817518248175,0.0,0.029197080291970802,0.0,0.0,0.0,0.051094890510948905,0.08759124087591241,0.0,0.0,0.0,0.05474452554744526,0.0,0.0,0.0,0.0,0.0,0.0,0.0,0.0,0.0,0.0,0.0,0.0,0.0,0.0,0.5948905109489051,0.0,0.0,0.0,0.01824817518248175,0.0,0.0,0.0036496350364963502,0.0036496350364963502,0.0
34,0.030456852791878174,0.04060913705583756,0.0,0.0,0.0,0.0,0.0,0.0,0.0,0.025380710659898477,0.0,0.0,0.0,0.005076142131979695,0.0,0.0,0.0,0.0,0.0,0.04568527918781726,0.116751269035533,0.0,0.0,0.0,0.03553299492385787,0.0,0.0,0.0,0.0,0.0,0.0,0.0,0.0,0.0,0.0,0.0,0.0,0.0,0.0,0.6649746192893401,0.01015228426395939,0.0,0.0,0.01015228426395939,0.0,0.0,0.0,0.015228426395939087,0.0
35,0.2631578947368421,0.0,0.0,0.0,0.0,0.0,0.0,0.0,0.0,0.42105263157894735,0.0,0.0,0.0,0.0,0.0,0.0,0.0,0.0,0.0,0.0,0.05263157894736842,0.0,0.0,0.0,0.10526315789473684,0.0,0.0,0.0,0.0,0.0,0.0,0.0,0.0,0.0,0.0,0.0,0.0,0.0,0.0,0.15789473684210525,0.0,0.0,0.0,0.0,0.0,0.0,0.0,0.0,0.0
36,0.0663265306122449,0.03571428571428571,0.0,0.0,0.0,0.0,0.0,0.0,0.04081632653061224,0.09693877551020408,0.0,0.0,0.0,0.015306122448979591,0.0,0.0,0.0,0.0,0.0,0.0,0.02040816326530612,0.0,0.0,0.0,0.1326530612244898,0.0,0.0,0.0,0.0,0.0,0.0,0.0,0.0,0.0,0.0,0.0,0.0,0.0,0.0,0.5918367346938775,0.0,0.0,0.0,0.0,0.0,0.0,0.0,0.0,0.0
37,0.05454545454545454,0.03636363636363636,0.0,0.0,0.0,0.0,0.0,0.0,0.045454545454545456,0.06363636363636363,0.0,0.0,0.0,0.0,0.0,0.03636363636363636,0.0,0.0,0.0,0.03636363636363636,0.10909090909090909,0.0,0.0,0.0,0.18181818181818182,0.0,0.0,0.0,0.0,0.0,0.0,0.0,0.0,0.0,0.0,0.0,0.0,0.0,0.0,0.43636363636363634,0.0,0.0,0.0,0.0,0.0,0.0,0.0,0.0,0.0
38,0.018292682926829267,0.018292682926829267,0.0,0.0,0.0,0.0,0.0,0.0,0.07926829268292683,0.0975609756097561,0.0,0.0,0.0,0.036585365853658534,0.0,0.0,0.0,0.018292682926829267,0.0,0.012195121951219513,0.2073170731707317,0.0,0.0,0.0,0.0975609756097561,0.0,0.0,0.0,0.0,0.0,0.0,0.018292682926829267,0.0,0.0,0.0,0.0,0.0,0.0,0.0,0.39634146341463417,0.0,0.0,0.0,0.0,0.0,0.0,0.0,0.0,0.0
39,0.030120481927710843,0.0321285140562249,0.0,0.0,0.0,0.0,0.0,0.0,0.008032128514056224,0.02208835341365462,0.006024096385542169,0.0,0.0,0.006024096385542169,0.0,0.01606425702811245,0.0,0.0,0.0,0.05421686746987952,0.04417670682730924,0.0,0.0,0.0,0.14457831325301204,0.0,0.0,0.0,0.0,0.0,0.0,0.0,0.0,0.0,0.0,0.0,0.0,0.0,0.0,0.6365461847389559,0.0,0.0,0.0,0.0,0.0,0.0,0.0,0.0,0.0
40,0.04498269896193772,0.0034602076124567475,0.0,0.0,0.0,0.0,0.0,0.0,0.006920415224913495,0.04152249134948097,0.0,0.0,0.0,0.02768166089965398,0.0034602076124567475,0.02422145328719723,0.0,0.0034602076124567475,0.0,0.10034602076124567,0.10034602076124567,0.0,0.0,0.0,0.11072664359861592,0.0,0.0,0.0,0.0,0.0,0.0,0.0,0.0,0.0,0.0,0.0,0.0,0.0,0.0,0.5190311418685121,0.010380622837370242,0.0,0.0,0.0034602076124567475,0.0,0.0,0.0,0.0,0.0
41,0.022988505747126436,0.0,0.0,0.0,0.0,0.0,0.0,0.0,0.007662835249042145,0.022988505747126436,0.0,0.0,0.0,0.02681992337164751,0.0,0.0038314176245210726,0.0,0.0,0.0,0.09961685823754789,0.06130268199233716,0.0,0.0,0.0,0.04597701149425287,0.0,0.0,0.0,0.0,0.0,0.0,0.0,0.0,0.0,0.0,0.0,0.0,0.0,0.0,0.6781609195402298,0.011494252873563218,0.0,0.0,0.0038314176245210726,0.0,0.0,0.0,0.01532567049808429,0.0
42,0.28,0.15,0.0,0.0,0.0,0.0,0.0,0.0,0.03,0.22,0.0,0.0,0.0,0.0,0.0,0.03,0.0,0.0,0.0,0.0,0.07,0.0,0.0,0.0,0.11,0.0,0.0,0.0,0.0,0.0,0.0,0.0,0.0,0.0,0.0,0.0,0.0,0.0,0.0,0.11,0.0,0.0,0.0,0.0,0.0,0.0,0.0,0.0,0.0
43,0.017857142857142856,0.0,0.0,0.0,0.0,0.0,0.0,0.0,0.07142857142857142,0.08333333333333333,0.0,0.0,0.0,0.02976190476190476,0.0,0.0,0.0,0.0,0.0,0.023809523809523808,0.07738095238095238,0.0,0.0,0.0,0.08333333333333333,0.0,0.0,0.0,0.0,0.0,0.0,0.0,0.0,0.0,0.0,0.0,0.0,0.0,0.0,0.6011904761904762,0.0,0.0,0.0,0.011904761904761904,0.0,0.0,0.0,0.0,0.0
44,0.024793388429752067,0.0,0.0,0.0,0.0,0.0,0.0,0.0,0.024793388429752067,0.06611570247933884,0.0,0.0,0.0,0.008264462809917356,0.0,0.008264462809917356,0.0,0.0,0.0,0.01652892561983471,0.01652892561983471,0.0,0.0,0.0,0.12396694214876033,0.0,0.0,0.0,0.0,0.0,0.0,0.0,0.0,0.0,0.0,0.0,0.0,0.0,0.0,0.7024793388429752,0.0,0.0,0.0,0.008264462809917356,0.0,0.0,0.0,0.0,0.0
45,0.023391812865497075,0.005847953216374269,0.0,0.0,0.0,0.0,0.0,0.0,0.0,0.04093567251461988,0.0,0.0,0.0,0.011695906432748537,0.0,0.029239766081871343,0.0,0.0,0.0,0.04678362573099415,0.07602339181286549,0.0,0.0,0.0,0.12280701754385964,0.0,0.0,0.0,0.0,0.0,0.0,0.0,0.0,0.0,0.0,0.0,0.0,0.0,0.0,0.6257309941520468,0.017543859649122806,0.0,0.0,0.0,0.0,0.0,0.0,0.0,0.0
46,0.0,0.01282051282051282,0.0,0.0,0.0,0.0,0.0,0.0,0.00641025641025641,0.0,0.0,0.0,0.0,0.003205128205128205,0.0,0.00641025641025641,0.0,0.0,0.0,0.08333333333333333,0.03205128205128205,0.0,0.0,0.0,0.11217948717948718,0.0,0.0,0.0,0.0,0.0,0.0,0.0,0.0,0.0,0.0,0.0,0.0,0.0,0.0,0.7371794871794872,0.003205128205128205,0.0,0.0,0.003205128205128205,0.0,0.0,0.0,0.0,0.0
47,0.007462686567164179,0.0,0.0,0.0,0.0,0.0,0.0,0.0,0.0,0.04477611940298507,0.0,0.0,0.0,0.0037313432835820895,0.0,0.011194029850746268,0.0,0.0,0.0,0.09701492537313433,0.08208955223880597,0.0,0.0,0.0,0.04477611940298507,0.0,0.0,0.0,0.0,0.0,0.0,0.0,0.0,0.0,0.0,0.0,0.0,0.0,0.0,0.7052238805970149,0.0,0.0,0.0,0.0,0.0,0.0,0.0,0.0037313432835820895,0.0
48,0.012578616352201259,0.0,0.0,0.0,0.0,0.0,0.0,0.0,0.006289308176100629,0.06289308176100629,0.0,0.0,0.0,0.025157232704402517,0.0,0.0,0.0,0.0,0.0,0.16981132075471697,0.03773584905660377,0.0,0.0,0.0,0.012578616352201259,0.0,0.0,0.0,0.0,0.0,0.0,0.0,0.0,0.0,0.0,0.0,0.0,0.0,0.0,0.6477987421383647,0.025157232704402517,0.0,0.0,0.0,0.0,0.0,0.0,0.0,0.0
