trial_index,step_index,state,goal,task,prev_action,true_action,pred_action,pred_prob,true_prob
3,0,44,30,1,5,0,0,0.9210149645805359,0.9210149645805359
3,1,37,30,1,0,3,1,0.8283640742301941,0.134799525141716
3,2,38,30,1,3,0,0,0.9403138160705566,0.9403138160705566
3,3,31,30,1,0,1,0,0.6036938428878784,0.025886356830596924
3,4,31,30,1,1,0,0,0.48037517070770264,0.48037517070770264
3,5,24,30,1,0,1,1,0.9700286388397217,0.9700286388397217
3,6,24,30,1,1,2,0,0.5022170543670654,0.0035602569114416838
3,7,31,30,1,2,2,3,0.7060855031013489,0.2250455766916275
3,8,38,30,1,2,1,1,0.5501633286476135,0.5501633286476135
3,9,37,30,1,1,1,1,0.9282561540603638,0.9282561540603638
3,10,36,30,1,1,1,1,0.868050754070282,0.868050754070282
3,11,35,30,1,1,0,0,0.9961282014846802,0.9961282014846802
3,12,28,30,1,0,3,3,0.9996011853218079,0.9996011853218079
3,13,29,30,1,3,3,3,0.8755648136138916,0.8755648136138916
7,0,39,38,1,5,2,2,0.8977125883102417,0.8977125883102417
7,1,46,38,1,2,1,1,0.9924431443214417,0.9924431443214417
7,2,45,38,1,1,0,0,0.9939718842506409,0.9939718842506409
11,0,47,46,1,5,0,0,0.9396886229515076,0.9396886229515076
11,1,40,46,1,0,1,1,0.9699899554252625,0.9699899554252625
11,2,39,46,1,1,2,2,0.9997795224189758,0.9997795224189758
15,0,20,6,1,5,0,2,0.8643794655799866,0.02097206376492977
15,1,20,6,1,0,2,2,0.8767443895339966,0.8767443895339966
15,2,27,6,1,2,1,1,0.895156979560852,0.895156979560852
15,3,26,6,1,1,1,0,0.9086273908615112,0.08998169749975204
15,4,25,6,1,1,0,0,0.953008770942688,0.953008770942688
15,5,18,6,1,0,3,3,0.7560346126556396,0.7560346126556396
15,6,19,6,1,3,0,0,0.9968850016593933,0.9968850016593933
15,7,12,6,1,0,3,3,0.9827473163604736,0.9827473163604736
15,8,13,6,1,3,0,0,0.9952404499053955,0.9952404499053955
19,0,25,0,1,5,0,0,0.6495628356933594,0.6495628356933594
19,1,18,0,1,0,3,1,0.7326720356941223,0.14516012370586395
19,2,19,0,1,3,0,0,0.9973320960998535,0.9973320960998535
19,3,12,0,1,0,3,1,0.9962314963340759,0.0022183870896697044
19,4,13,0,1,3,1,1,0.42765581607818604,0.42765581607818604
19,5,12,0,1,1,1,0,0.59548419713974,0.3699949085712433
19,6,11,0,1,1,1,1,0.9253824949264526,0.9253824949264526
19,7,10,0,1,1,0,0,0.4975118637084961,0.4975118637084961
19,8,3,0,1,0,1,1,0.9945895671844482,0.9945895671844482
19,9,2,0,1,1,2,2,0.8535212278366089,0.8535212278366089
19,10,9,0,1,2,1,1,0.98008131980896,0.98008131980896
19,11,8,0,1,1,2,0,0.9793494343757629,0.02030353806912899
19,12,15,0,1,2,1,1,0.8513188362121582,0.8513188362121582
19,13,14,0,1,1,0,2,0.8594862222671509,0.06101549416780472
19,14,7,0,1,0,0,1,0.6186133027076721,0.3718991279602051
23,0,7,19,1,5,2,2,0.8529008030891418,0.8529008030891418
23,1,14,19,1,2,3,3,0.6707143187522888,0.6707143187522888
23,2,15,19,1,3,0,2,0.8859331011772156,0.09705861657857895
23,3,8,19,1,0,3,3,0.9981256127357483,0.9981256127357483
23,4,9,19,1,3,0,0,0.8975417017936707,0.8975417017936707
23,5,2,19,1,0,3,3,0.9998076558113098,0.9998076558113098
23,6,3,19,1,3,2,3,0.8984438180923462,0.10141126811504364
23,7,10,19,1,2,2,3,0.9981635212898254,0.0016897311434149742
23,8,17,19,1,2,0,3,0.8087990283966064,0.005155036225914955
23,9,10,19,1,0,3,3,0.7565567493438721,0.7565567493438721
23,10,11,19,1,3,3,2,0.8604654669761658,0.13436473906040192
23,11,12,19,1,3,2,2,0.8482983708381653,0.8482983708381653
27,0,46,12,1,5,0,0,0.8596435189247131,0.8596435189247131
27,1,39,12,1,0,3,3,0.9076027274131775,0.9076027274131775
27,2,40,12,1,3,0,0,0.8635070323944092,0.8635070323944092
27,3,33,12,1,0,0,1,0.5176753997802734,0.16128867864608765
27,4,26,12,1,0,3,3,0.7051877975463867,0.7051877975463867
27,5,27,12,1,3,0,0,0.9918518662452698,0.9918518662452698
27,6,20,12,1,0,2,0,0.9771997332572937,0.00673969741910696
27,7,27,12,1,2,1,1,0.9191073179244995,0.9191073179244995
27,8,26,12,1,1,1,1,0.9888771176338196,0.9888771176338196
27,9,25,12,1,1,0,0,0.9964876174926758,0.9964876174926758
27,10,18,12,1,0,3,0,0.6434453129768372,0.32262498140335083
27,11,19,12,1,3,0,0,0.9867703914642334,0.9867703914642334
31,0,35,25,1,5,3,3,0.5951292514801025,0.5951292514801025
31,1,36,25,1,3,3,3,0.9898375272750854,0.9898375272750854
31,2,37,25,1,3,3,3,0.972617506980896,0.972617506980896
31,3,38,25,1,3,0,0,0.6029955744743347,0.6029955744743347
31,4,31,25,1,0,3,3,0.9997900128364563,0.9997900128364563
31,5,32,25,1,3,1,3,0.9900840520858765,7.865040970500559e-06
31,6,31,25,1,1,1,2,0.5323647260665894,0.014945980161428452
31,7,31,25,1,1,0,2,0.6945971250534058,0.14339116215705872
31,8,24,25,1,0,3,3,0.5316572785377502,0.5316572785377502
31,9,24,25,1,3,0,0,0.9945510029792786,0.9945510029792786
31,10,24,25,1,0,2,0,0.5586371421813965,0.162728413939476
31,11,31,25,1,2,3,1,0.5039374828338623,0.2578553259372711
31,12,32,25,1,3,3,0,0.7573494911193848,0.0061219860799610615
31,13,33,25,1,3,0,0,0.8392801880836487,0.8392801880836487
31,14,26,25,1,0,1,1,0.525800883769989,0.525800883769989
35,0,37,8,1,5,1,1,0.3175927698612213,0.3175927698612213
35,1,36,8,1,1,1,0,0.834395706653595,0.15644395351409912
35,2,35,8,1,1,0,0,0.9998214840888977,0.9998214840888977
35,3,28,8,1,0,3,3,0.9774206280708313,0.9774206280708313
35,4,29,8,1,3,0,0,0.9804077744483948,0.9804077744483948
35,5,22,8,1,0,0,0,0.9825462102890015,0.9825462102890015
35,6,15,8,1,0,0,0,0.9915321469306946,0.9915321469306946
39,0,12,44,1,5,2,2,0.9122113585472107,0.9122113585472107
39,1,19,44,1,2,1,1,0.9562787413597107,0.9562787413597107
39,2,18,44,1,1,2,2,0.9976389408111572,0.9976389408111572
39,3,25,44,1,2,3,3,0.4746028780937195,0.4746028780937195
39,4,26,44,1,3,2,2,0.9997599720954895,0.9997599720954895
39,5,33,44,1,2,1,1,0.9647731781005859,0.9647731781005859
39,6,32,44,1,1,1,1,0.993547260761261,0.993547260761261
39,7,31,44,1,1,2,2,0.9939783811569214,0.9939783811569214
39,8,38,44,1,2,1,2,0.9845539927482605,0.0101283248513937
39,9,37,44,1,1,2,2,0.9216022491455078,0.9216022491455078
43,0,31,7,1,5,2,2,0.4492173194885254,0.4492173194885254
43,1,38,7,1,2,1,1,0.9267644882202148,0.9267644882202148
43,2,37,7,1,1,1,1,0.854971706867218,0.854971706867218
43,3,36,7,1,1,1,0,0.6611953377723694,0.3265114426612854
43,4,35,7,1,1,0,0,0.9995880722999573,0.9995880722999573
43,5,28,7,1,0,3,3,0.9901227355003357,0.9901227355003357
43,6,29,7,1,3,0,0,0.9608573913574219,0.9608573913574219
43,7,22,7,1,0,0,0,0.965703010559082,0.965703010559082
43,8,15,7,1,0,1,0,0.7356250882148743,0.2631608843803406
43,9,14,7,1,1,0,0,0.8597345352172852,0.8597345352172852
47,0,25,46,1,5,3,2,0.5304308533668518,0.31912457942962646
47,1,26,46,1,3,2,2,0.9991482496261597,0.9991482496261597
47,2,33,46,1,2,2,2,0.7696003913879395,0.7696003913879395
47,3,40,46,1,2,1,1,0.8982663154602051,0.8982663154602051
47,4,39,46,1,1,2,2,0.9917771816253662,0.9917771816253662
51,0,11,39,2,5,1,3,0.6042854189872742,0.0759468600153923
51,1,10,39,2,1,2,2,0.9596954584121704,0.9596954584121704
51,2,17,39,2,2,1,0,0.6765403747558594,0.0401090607047081
51,3,16,39,2,1,2,2,0.7302346229553223,0.7302346229553223
51,4,23,39,2,2,2,2,0.8900614976882935,0.8900614976882935
51,5,30,39,2,2,1,2,0.6714280843734741,0.2574915885925293
51,6,29,39,2,1,1,1,0.6464321613311768,0.6464321613311768
51,7,28,39,2,1,2,2,0.8645358085632324,0.8645358085632324
51,8,35,39,2,2,3,0,0.7115746140480042,0.03423779457807541
51,9,36,39,2,3,3,0,0.48110079765319824,0.3233319818973541
51,10,37,39,2,3,3,2,0.9096439480781555,0.04503714293241501
51,11,38,39,2,3,2,2,0.5354068279266357,0.5354068279266357
51,12,45,39,2,2,3,3,0.9768325090408325,0.9768325090408325
51,13,46,39,2,3,0,0,0.944556713104248,0.944556713104248
55,0,23,39,2,5,2,0,0.3855895698070526,0.3182638883590698
55,1,30,39,2,2,1,2,0.5421086549758911,0.3637646436691284
55,2,29,39,2,1,1,2,0.7270335555076599,0.2457924634218216
55,3,28,39,2,1,2,2,0.9577630758285522,0.9577630758285522
55,4,35,39,2,2,3,3,0.6564231514930725,0.6564231514930725
55,5,36,39,2,3,3,3,0.9142699837684631,0.9142699837684631
55,6,37,39,2,3,2,2,0.5796990394592285,0.5796990394592285
55,7,44,39,2,2,0,3,0.6457235813140869,0.32175517082214355
55,8,37,39,2,0,3,3,0.9886969327926636,0.9886969327926636
55,9,38,39,2,3,2,2,0.981569766998291,0.981569766998291
55,10,45,39,2,2,3,3,0.9251075387001038,0.9251075387001038
55,11,46,39,2,3,0,0,0.9924110174179077,0.9924110174179077
59,0,25,28,2,5,0,0,0.6300657987594604,0.6300657987594604
59,1,18,28,2,0,2,1,0.5231173038482666,0.061276890337467194
59,2,25,28,2,2,3,1,0.43218833208084106,0.3018041253089905
59,3,26,28,2,3,2,2,0.955947756767273,0.955947756767273
59,4,33,28,2,2,1,1,0.9897702932357788,0.9897702932357788
59,5,32,28,2,1,1,1,0.9923993945121765,0.9923993945121765
59,6,31,28,2,1,2,2,0.6639379262924194,0.6639379262924194
59,7,38,28,2,2,1,1,0.8809453845024109,0.8809453845024109
59,8,37,28,2,1,1,1,0.9111294746398926,0.9111294746398926
59,9,36,28,2,1,1,0,0.5122220516204834,0.4190681576728821
59,10,35,28,2,1,0,0,0.9955682158470154,0.9955682158470154
63,0,17,32,2,5,0,2,0.9085133671760559,0.04718627780675888
63,1,10,32,2,0,3,3,0.7880106568336487,0.7880106568336487
63,2,11,32,2,3,2,3,0.6155586242675781,0.3833799660205841
63,3,11,32,2,2,1,3,0.46944960951805115,0.29052701592445374
63,4,10,32,2,1,2,2,0.7077071070671082,0.7077071070671082
63,5,17,32,2,2,1,0,0.42073383927345276,0.1937292218208313
63,6,16,32,2,1,2,2,0.9311489462852478,0.9311489462852478
63,7,23,32,2,2,2,2,0.5975682139396667,0.5975682139396667
63,8,30,32,2,2,1,1,0.8814076781272888,0.8814076781272888
63,9,29,32,2,1,1,0,0.43003717064857483,0.4178290367126465
63,10,28,32,2,1,2,2,0.9344664216041565,0.9344664216041565
63,11,35,32,2,2,3,3,0.9566921591758728,0.9566921591758728
63,12,36,32,2,3,3,2,0.9108834266662598,0.08675623685121536
63,13,37,32,2,3,3,2,0.973527729511261,0.0117416363209486
63,14,38,32,2,3,0,0,0.9662945866584778,0.9662945866584778
63,15,31,32,2,0,3,3,0.9959147572517395,0.9959147572517395
67,0,15,23,2,5,2,2,0.619170069694519,0.619170069694519
67,1,22,23,2,2,3,2,0.767311692237854,0.19121956825256348
67,2,22,23,2,3,2,2,0.9146966338157654,0.9146966338157654
67,3,29,23,2,2,3,3,0.9892268180847168,0.9892268180847168
67,4,30,23,2,3,0,0,0.9943380951881409,0.9943380951881409
71,0,2,1,2,5,2,1,0.4778609871864319,0.34319621324539185
71,1,9,1,2,2,1,1,0.7099127769470215,0.7099127769470215
71,2,8,1,2,1,0,0,0.8741415739059448,0.8741415739059448
75,0,11,1,2,5,1,3,0.45736658573150635,0.4272061884403229
75,1,10,1,2,1,0,2,0.32256263494491577,0.245973601937294
75,2,3,1,2,0,1,2,0.3953574299812317,0.3268176317214966
75,3,2,1,2,1,2,2,0.9483234286308289,0.9483234286308289
75,4,9,1,2,2,1,1,0.9272236227989197,0.9272236227989197
75,5,8,1,2,1,0,0,0.988645076751709,0.988645076751709
79,0,40,5,2,5,0,1,0.4874088764190674,0.3482823669910431
79,1,33,5,2,0,0,0,0.8778951168060303,0.8778951168060303
79,2,26,5,2,0,1,3,0.543552577495575,0.02630677819252014
79,3,25,5,2,1,0,0,0.9863990545272827,0.9863990545272827
79,4,18,5,2,0,3,0,0.3768455386161804,0.18068699538707733
79,5,19,5,2,3,0,0,0.9999037981033325,0.9999037981033325
79,6,12,5,2,0,3,3,0.9491338133811951,0.9491338133811951
79,7,13,5,2,3,0,0,0.9745000004768372,0.9745000004768372
79,8,6,5,2,0,1,1,0.8660633563995361,0.8660633563995361
83,0,3,46,2,5,2,2,0.9865148663520813,0.9865148663520813
83,1,10,46,2,2,2,2,0.9991762042045593,0.9991762042045593
83,2,17,46,2,2,1,2,0.7642154693603516,0.03135346248745918
83,3,16,46,2,1,2,2,0.9626444578170776,0.9626444578170776
83,4,23,46,2,2,2,2,0.9352765679359436,0.9352765679359436
83,5,30,46,2,2,1,2,0.9094229936599731,0.053709957748651505
83,6,29,46,2,1,2,2,0.7618696093559265,0.7618696093559265
83,7,29,46,2,2,1,1,0.9543576240539551,0.9543576240539551
83,8,28,46,2,1,2,2,0.9996176958084106,0.9996176958084106
83,9,35,46,2,2,3,3,0.9979428648948669,0.9979428648948669
83,10,36,46,2,3,3,2,0.942391574382782,0.05461717024445534
83,11,37,46,2,3,3,2,0.9994988441467285,0.00038112697075121105
83,12,38,46,2,3,2,0,0.6522537469863892,0.33902332186698914
83,13,45,46,2,2,3,3,0.9987454414367676,0.9987454414367676
87,0,16,24,2,5,2,2,0.9455856680870056,0.9455856680870056
87,1,23,24,2,2,0,2,0.8563559055328369,0.04389539361000061
87,2,16,24,2,0,3,0,0.4424441456794739,0.07558382302522659
87,3,17,24,2,3,1,0,0.9987363219261169,0.00018359761452302337
87,4,16,24,2,1,2,2,0.7482385039329529,0.7482385039329529
87,5,23,24,2,2,2,1,0.5235933661460876,0.4699063301086426
87,6,30,24,2,2,3,1,0.9852287769317627,0.00019067307584919035
87,7,30,24,2,3,0,0,0.8466705083847046,0.8466705083847046
87,8,23,24,2,0,2,0,0.9928508996963501,0.0016084114322438836
87,9,30,24,2,2,0,1,0.6434559226036072,0.285347580909729
87,10,23,24,2,0,0,0,0.5537568926811218,0.5537568926811218
87,11,16,24,2,0,3,2,0.8265393972396851,0.14963169395923615
87,12,17,24,2,3,0,0,0.9985962510108948,0.9985962510108948
87,13,10,24,2,0,3,3,0.8366736769676208,0.8366736769676208
87,14,11,24,2,3,3,3,0.9741965532302856,0.9741965532302856
87,15,12,24,2,3,2,2,0.9974933862686157,0.9974933862686157
87,16,19,24,2,2,1,1,0.9949496984481812,0.9949496984481812
87,17,18,24,2,1,2,2,0.9937551021575928,0.9937551021575928
87,18,25,24,2,2,1,1,0.9231234192848206,0.9231234192848206
87,19,25,24,2,1,2,0,0.9763243198394775,0.022905122488737106
87,20,25,24,2,2,3,0,0.666000247001648,0.10048943012952805
87,21,26,24,2,3,2,0,0.5122129917144775,0.4667317867279053
87,22,33,24,2,2,1,1,0.9550243020057678,0.9550243020057678
87,23,32,24,2,1,1,1,0.9062672257423401,0.9062672257423401
87,24,31,24,2,1,0,0,0.9954570531845093,0.9954570531845093
91,0,20,16,2,5,2,2,0.7276991009712219,0.7276991009712219
91,1,27,16,2,2,1,1,0.7288729548454285,0.7288729548454285
91,2,26,16,2,1,1,0,0.9554177522659302,0.04338948428630829
91,3,25,16,2,1,0,0,0.9930617213249207,0.9930617213249207
91,4,18,16,2,0,2,0,0.7907076478004456,0.039997853338718414
91,5,25,16,2,2,3,0,0.7080279588699341,0.16096721589565277
91,6,26,16,2,3,2,2,0.5962525606155396,0.5962525606155396
91,7,33,16,2,2,1,1,0.7794356346130371,0.7794356346130371
91,8,32,16,2,1,1,1,0.7722348570823669,0.7722348570823669
91,9,31,16,2,1,0,0,0.9888756275177002,0.9888756275177002
91,10,24,16,2,0,2,2,0.7438775300979614,0.7438775300979614
91,11,31,16,2,2,2,2,0.5581586956977844,0.5581586956977844
91,12,38,16,2,2,1,1,0.9940827488899231,0.9940827488899231
91,13,37,16,2,1,1,1,0.7779961228370667,0.7779961228370667
91,14,36,16,2,1,1,0,0.8877479434013367,0.10543224960565567
91,15,35,16,2,1,0,0,0.9998220801353455,0.9998220801353455
91,16,28,16,2,0,3,3,0.907217264175415,0.907217264175415
91,17,29,16,2,3,0,0,0.9989551305770874,0.9989551305770874
91,18,22,16,2,0,3,0,0.9817319512367249,0.011904559098184109
91,19,22,16,2,3,0,0,0.9941907525062561,0.9941907525062561
91,20,15,16,2,0,2,3,0.867039144039154,0.00039241419290192425
91,21,22,16,2,2,3,3,0.835010290145874,0.835010290145874
91,22,22,16,2,3,0,2,0.8087435364723206,0.1641557812690735
91,23,15,16,2,0,0,3,0.7472185492515564,0.22444161772727966
91,24,8,16,2,0,3,3,0.7889437675476074,0.7889437675476074
91,25,9,16,2,3,0,1,0.9726817607879639,0.005616654641926289
91,26,2,16,2,0,3,3,0.8354393243789673,0.8354393243789673
91,27,3,16,2,3,2,2,0.9806718230247498,0.9806718230247498
91,28,10,16,2,2,2,2,0.9898726940155029,0.9898726940155029
91,29,17,16,2,2,1,0,0.809990644454956,0.14333277940750122
95,0,19,16,2,5,1,0,0.6615778207778931,0.325430691242218
95,1,18,16,2,1,2,2,0.7532712817192078,0.7532712817192078
95,2,25,16,2,2,1,1,0.4966934025287628,0.4966934025287628
95,3,25,16,2,1,0,0,0.9678506255149841,0.9678506255149841
95,4,18,16,2,0,3,0,0.6232696175575256,0.009992562234401703
95,5,19,16,2,3,0,0,0.9990925788879395,0.9990925788879395
95,6,12,16,2,0,1,1,0.6748913526535034,0.6748913526535034
95,7,11,16,2,1,1,1,0.9616281986236572,0.9616281986236572
95,8,10,16,2,1,2,2,0.43875253200531006,0.43875253200531006
95,9,17,16,2,2,1,1,0.9228606820106506,0.9228606820106506
99,0,32,14,2,5,1,0,0.6010042428970337,0.27439790964126587
99,1,31,14,2,1,0,0,0.5862115621566772,0.5862115621566772
99,2,24,14,2,0,2,2,0.7540928721427917,0.7540928721427917
99,3,31,14,2,2,2,1,0.594936728477478,0.09077579528093338
99,4,38,14,2,2,1,1,0.9900515675544739,0.9900515675544739
99,5,37,14,2,1,1,1,0.9378095269203186,0.9378095269203186
99,6,36,14,2,1,1,0,0.7678638696670532,0.22426952421665192
99,7,35,14,2,1,0,0,0.9998869895935059,0.9998869895935059
99,8,28,14,2,0,3,3,0.6897647976875305,0.6897647976875305
99,9,29,14,2,3,0,0,0.9973825812339783,0.9973825812339783
99,10,22,14,2,0,0,0,0.884182333946228,0.884182333946228
99,11,15,14,2,0,1,1,0.7733321785926819,0.7733321785926819
103,0,19,21,3,5,1,1,0.8382740020751953,0.8382740020751953
103,1,18,21,3,1,2,2,0.9454833269119263,0.9454833269119263
103,2,25,21,3,2,3,1,0.5364129543304443,0.00808294489979744
103,3,26,21,3,3,2,2,0.9265214800834656,0.9265214800834656
103,4,33,21,3,2,1,1,0.9235499501228333,0.9235499501228333
103,5,32,21,3,1,1,1,0.9915809035301208,0.9915809035301208
103,6,31,21,3,1,0,0,0.8740074634552002,0.8740074634552002
103,7,24,21,3,0,2,2,0.5103135108947754,0.5103135108947754
103,8,31,21,3,2,2,0,0.45731931924819946,0.30371570587158203
103,9,38,21,3,2,1,1,0.9885863661766052,0.9885863661766052
103,10,37,21,3,1,1,1,0.9049915075302124,0.9049915075302124
103,11,36,21,3,1,1,1,0.8902040123939514,0.8902040123939514
103,12,35,21,3,1,0,0,0.9941447377204895,0.9941447377204895
103,13,28,21,3,0,3,0,0.9561449885368347,0.035159867256879807
103,14,29,21,3,3,0,0,0.995559811592102,0.995559811592102
103,15,22,21,3,0,0,0,0.6513289213180542,0.6513289213180542
103,16,15,21,3,0,1,1,0.5781905651092529,0.5781905651092529
103,17,14,21,3,1,2,2,0.9748594164848328,0.9748594164848328
107,0,2,40,3,5,2,2,0.7946934700012207,0.7946934700012207
107,1,9,40,3,2,0,1,0.5085680484771729,0.10813768953084946
107,2,2,40,3,0,3,3,0.6314311623573303,0.6314311623573303
107,3,3,40,3,3,2,2,0.9507092833518982,0.9507092833518982
107,4,10,40,3,2,2,3,0.7096602320671082,0.2781152129173279
107,5,17,40,3,2,0,3,0.6300878524780273,0.019686808809638023
107,6,10,40,3,0,3,3,0.841919481754303,0.841919481754303
107,7,11,40,3,3,3,3,0.955943763256073,0.955943763256073
107,8,12,40,3,3,2,2,0.7222533226013184,0.7222533226013184
107,9,19,40,3,2,1,1,0.8185762166976929,0.8185762166976929
107,10,18,40,3,1,2,2,0.9972770810127258,0.9972770810127258
107,11,25,40,3,2,3,1,0.7617237567901611,0.010490105487406254
107,12,26,40,3,3,2,2,0.8136375546455383,0.8136375546455383
107,13,33,40,3,2,2,1,0.4188106954097748,0.3135135769844055
111,0,47,45,3,5,0,0,0.8408408164978027,0.8408408164978027
111,1,40,45,3,0,1,1,0.8105067014694214,0.8105067014694214
111,2,39,45,3,1,2,0,0.8491424918174744,0.13169938325881958
111,3,46,45,3,2,1,1,0.9996715784072876,0.9996715784072876
115,0,43,18,3,5,3,0,0.5084401965141296,0.4079691469669342
115,1,44,18,3,3,0,0,0.9873825907707214,0.9873825907707214
115,2,37,18,3,0,3,3,0.8726410865783691,0.8726410865783691
115,3,38,18,3,3,0,0,0.6247591972351074,0.6247591972351074
115,4,31,18,3,0,3,3,0.9980626702308655,0.9980626702308655
115,5,32,18,3,3,3,3,0.6406921744346619,0.6406921744346619
115,6,33,18,3,3,0,0,0.9898680448532104,0.9898680448532104
115,7,26,18,3,0,1,1,0.9572309255599976,0.9572309255599976
115,8,25,18,3,1,0,0,0.9997541308403015,0.9997541308403015
119,0,36,17,3,5,3,3,0.6987147927284241,0.6987147927284241
119,1,37,17,3,3,3,0,0.9775798916816711,0.01706484705209732
119,2,38,17,3,3,0,0,0.9993151426315308,0.9993151426315308
119,3,31,17,3,0,3,0,0.966999351978302,0.032846298068761826
119,4,32,17,3,3,1,2,0.7239112854003906,0.0001447061076760292
119,5,31,17,3,1,0,2,0.7178736925125122,0.1952652484178543
119,6,24,17,3,0,2,1,0.5079476833343506,0.10082626342773438
119,7,31,17,3,2,3,3,0.5558571219444275,0.5558571219444275
119,8,32,17,3,3,3,3,0.6896328330039978,0.6896328330039978
119,9,33,17,3,3,0,0,0.9629324078559875,0.9629324078559875
119,10,26,17,3,0,1,1,0.9485662579536438,0.9485662579536438
119,11,25,17,3,1,0,0,0.9973088502883911,0.9973088502883911
119,12,18,17,3,0,1,1,0.818443238735199,0.818443238735199
119,13,18,17,3,1,3,2,0.8260599970817566,0.004787050187587738
119,14,19,17,3,3,0,0,0.9791005253791809,0.9791005253791809
119,15,12,17,3,0,1,1,0.9988511800765991,0.9988511800765991
119,16,11,17,3,1,1,1,0.9442477226257324,0.9442477226257324
119,17,10,17,3,1,2,0,0.9963770508766174,0.0034095090813934803
123,0,42,45,3,5,0,3,0.751663088798523,0.06517103314399719
123,1,35,45,3,0,3,3,0.8999607563018799,0.8999607563018799
123,2,36,45,3,3,3,0,0.5296640396118164,0.46072372794151306
123,3,37,45,3,3,2,2,0.6858005523681641,0.6858005523681641
123,4,44,45,3,2,0,3,0.8553685545921326,0.11735248565673828
123,5,37,45,3,0,3,3,0.8911805748939514,0.8911805748939514
123,6,38,45,3,3,2,2,0.9163990616798401,0.9163990616798401
127,0,36,2,3,5,3,1,0.4852757155895233,0.28524038195610046
127,1,37,2,3,3,0,0,0.9416009783744812,0.9416009783744812
127,2,37,2,3,0,3,0,0.6244298815727234,0.23739680647850037
127,3,38,2,3,3,0,0,0.9978620409965515,0.9978620409965515
127,4,31,2,3,0,0,0,0.7021582126617432,0.7021582126617432
127,5,24,2,3,0,2,3,0.6345272064208984,0.2784181237220764
127,6,31,2,3,2,3,3,0.8827151656150818,0.8827151656150818
127,7,32,2,3,3,3,0,0.9186360836029053,0.07742898911237717
127,8,33,2,3,3,0,0,0.9961295127868652,0.9961295127868652
127,9,26,2,3,0,1,0,0.9502133727073669,0.031443193554878235
127,10,25,2,3,1,0,0,0.9974510073661804,0.9974510073661804
127,11,18,2,3,0,3,0,0.3575593829154968,0.2606654763221741
127,12,19,2,3,3,0,0,0.999642014503479,0.999642014503479
127,13,12,2,3,0,1,3,0.7221546173095703,0.13138650357723236
127,14,11,2,3,1,1,1,0.6420403122901917,0.6420403122901917
127,15,10,2,3,1,0,0,0.772899329662323,0.772899329662323
127,16,3,2,3,0,1,1,0.8978532552719116,0.8978532552719116
131,0,16,45,3,5,2,2,0.6033644080162048,0.6033644080162048
131,1,23,45,3,2,2,2,0.6536317467689514,0.6536317467689514
131,2,30,45,3,2,1,3,0.6814193725585938,0.08279874920845032
131,3,29,45,3,1,1,1,0.6007530689239502,0.6007530689239502
131,4,28,45,3,1,2,2,0.9943142533302307,0.9943142533302307
131,5,35,45,3,2,3,3,0.884196937084198,0.884196937084198
131,6,36,45,3,3,3,3,0.984679639339447,0.984679639339447
131,7,37,45,3,3,2,3,0.9244682192802429,0.07273537665605545
131,8,44,45,3,2,3,3,0.9467854499816895,0.9467854499816895
131,9,44,45,3,3,0,0,0.6177597045898438,0.6177597045898438
131,10,37,45,3,0,3,3,0.9865582585334778,0.9865582585334778
131,11,38,45,3,3,2,2,0.9076774716377258,0.9076774716377258
135,0,23,7,3,5,0,0,0.6815347075462341,0.6815347075462341
135,1,16,7,3,0,3,2,0.9183627367019653,0.0426018051803112
135,2,17,7,3,3,0,0,0.9951743483543396,0.9951743483543396
135,3,10,7,3,0,0,0,0.8558784127235413,0.8558784127235413
135,4,3,7,3,0,1,1,0.6080023050308228,0.6080023050308228
135,5,2,7,3,1,2,2,0.9315635561943054,0.9315635561943054
135,6,9,7,3,2,1,1,0.9781950116157532,0.9781950116157532
135,7,8,7,3,1,0,0,0.9962142109870911,0.9962142109870911
135,8,1,7,3,0,1,1,0.9962037205696106,0.9962037205696106
135,9,1,7,3,1,2,2,0.9945558309555054,0.9945558309555054
135,10,8,7,3,2,1,1,0.5581496953964233,0.5581496953964233
135,11,8,7,3,1,2,2,0.8981200456619263,0.8981200456619263
135,12,15,7,3,2,1,1,0.9885262250900269,0.9885262250900269
135,13,14,7,3,1,0,0,0.9889380931854248,0.9889380931854248
139,0,8,17,3,5,2,2,0.8703998923301697,0.8703998923301697
139,1,15,17,3,2,2,2,0.7102933526039124,0.7102933526039124
139,2,22,17,3,2,0,2,0.8823944330215454,0.009787524119019508
139,3,15,17,3,0,0,3,0.9358246922492981,0.04585368186235428
139,4,8,17,3,0,3,3,0.8283416628837585,0.8283416628837585
139,5,9,17,3,3,0,1,0.7579420208930969,0.1896795779466629
139,6,2,17,3,0,3,1,0.990388810634613,0.008886978030204773
139,7,3,17,3,3,2,2,0.9990947246551514,0.9990947246551514
139,8,10,17,3,2,2,2,0.7911387085914612,0.7911387085914612
143,0,43,7,3,5,3,0,0.6213027834892273,0.08787748217582703
143,1,44,7,3,3,0,0,0.9566667675971985,0.9566667675971985
143,2,37,7,3,0,1,0,0.6678993701934814,0.2369694858789444
143,3,36,7,3,1,1,1,0.6464905738830566,0.6464905738830566
143,4,35,7,3,1,0,0,0.9988180994987488,0.9988180994987488
143,5,28,7,3,0,3,3,0.996515154838562,0.996515154838562
143,6,29,7,3,3,0,0,0.9139289855957031,0.9139289855957031
143,7,22,7,3,0,0,0,0.9729428291320801,0.9729428291320801
143,8,15,7,3,0,1,0,0.7171117663383484,0.282381147146225
143,9,14,7,3,1,0,0,0.6358917951583862,0.6358917951583862
147,0,48,46,3,5,1,2,0.648398756980896,0.27292415499687195
147,1,47,46,3,1,0,2,0.8679679036140442,0.1282334327697754
147,2,40,46,3,0,1,1,0.9215496182441711,0.9215496182441711
147,3,39,46,3,1,2,2,0.9996504783630371,0.9996504783630371
151,0,36,9,4,5,0,3,0.4432562589645386,0.037242449820041656
151,1,36,9,4,0,3,3,0.4879840016365051,0.4879840016365051
151,2,37,9,4,3,0,0,0.9195342063903809,0.9195342063903809
151,3,37,9,4,0,3,3,0.5635002851486206,0.5635002851486206
151,4,38,9,4,3,0,0,0.9852557182312012,0.9852557182312012
151,5,31,9,4,0,0,0,0.9446229338645935,0.9446229338645935
151,6,24,9,4,0,0,3,0.5175108313560486,0.326993852853775
151,7,24,9,4,0,1,3,0.6493692398071289,0.33243754506111145
151,8,24,9,4,1,1,3,0.5094422698020935,0.036867156624794006
151,9,24,9,4,1,0,3,0.568200945854187,0.2431573122739792
151,10,24,9,4,0,3,3,0.8650988340377808,0.8650988340377808
151,11,24,9,4,3,3,0,0.9215008020401001,0.06396085023880005
151,12,24,9,4,3,1,0,0.6676290035247803,0.007353892549872398
151,13,24,9,4,1,0,0,0.851667582988739,0.851667582988739
151,14,24,9,4,0,3,3,0.8748680949211121,0.8748680949211121
151,15,24,9,4,3,2,0,0.9407399296760559,0.023688696324825287
151,16,31,9,4,2,1,3,0.6240960955619812,0.07716776430606842
151,17,31,9,4,1,3,3,0.5032756924629211,0.5032756924629211
151,18,32,9,4,3,0,0,0.9739325046539307,0.9739325046539307
151,19,32,9,4,0,0,3,0.7716255187988281,0.2137092500925064
151,20,32,9,4,0,3,3,0.875225841999054,0.875225841999054
151,21,33,9,4,3,0,0,0.9935774207115173,0.9935774207115173
151,22,26,9,4,0,0,0,0.8611832857131958,0.8611832857131958
151,23,26,9,4,0,1,1,0.6111705303192139,0.6111705303192139
151,24,25,9,4,1,1,0,0.9683356881141663,0.02570667862892151
151,25,25,9,4,1,0,0,0.926870584487915,0.926870584487915
151,26,18,9,4,0,1,1,0.6799753308296204,0.6799753308296204
151,27,18,9,4,1,0,0,0.9861191511154175,0.9861191511154175
151,28,18,9,4,0,3,3,0.9419170618057251,0.9419170618057251
151,29,19,9,4,3,0,0,0.99880051612854,0.99880051612854
151,30,12,9,4,0,1,1,0.5996618866920471,0.5996618866920471
151,31,11,9,4,1,1,1,0.8696509003639221,0.8696509003639221
151,32,10,9,4,1,1,0,0.6682009100914001,0.23380939662456512
151,33,10,9,4,1,0,0,0.9105433225631714,0.9105433225631714
151,34,3,9,4,0,1,1,0.9647523760795593,0.9647523760795593
151,35,2,9,4,1,2,2,0.7669952511787415,0.7669952511787415
155,0,10,15,4,5,1,2,0.7091489434242249,0.04733759164810181
155,1,10,15,4,1,2,2,0.8961889147758484,0.8961889147758484
155,2,17,15,4,2,2,1,0.6349073648452759,0.07263751327991486
155,3,17,15,4,2,1,1,0.9451013207435608,0.9451013207435608
155,4,16,15,4,1,1,2,0.8485037088394165,0.1324629783630371
155,5,16,15,4,1,2,2,0.9719171524047852,0.9719171524047852
155,6,23,15,4,2,1,2,0.5918689966201782,0.3574593663215637
155,7,23,15,4,1,1,2,0.9849271774291992,0.005846016574651003
155,8,23,15,4,1,2,2,0.7218279242515564,0.7218279242515564
155,9,30,15,4,2,1,1,0.5071073174476624,0.5071073174476624
155,10,29,15,4,1,0,1,0.43240711092948914,0.23741143941879272
155,11,22,15,4,0,0,1,0.4801540970802307,0.04662693664431572
159,0,14,12,4,5,3,3,0.9739640355110168,0.9739640355110168
159,1,15,12,4,3,3,3,0.5241270065307617,0.5241270065307617
159,2,15,12,4,3,0,0,0.4117983281612396,0.4117983281612396
159,3,8,12,4,0,3,3,0.9996262788772583,0.9996262788772583
159,4,9,12,4,3,3,3,0.9761916399002075,0.9761916399002075
159,5,9,12,4,3,0,0,0.779353141784668,0.779353141784668
159,6,2,12,4,0,3,3,0.9989491105079651,0.9989491105079651
159,7,3,12,4,3,3,2,0.9781486988067627,0.02014254778623581
159,8,4,12,4,3,2,2,0.5951287150382996,0.5951287150382996
159,9,4,12,4,2,3,3,0.9975287318229675,0.9975287318229675
159,10,5,12,4,3,2,2,0.6792100667953491,0.6792100667953491
159,11,5,12,4,2,3,3,0.9760298728942871,0.9760298728942871
159,12,6,12,4,3,2,2,0.9976436495780945,0.9976436495780945
159,13,13,12,4,2,1,3,0.551916241645813,0.03759422525763512
163,0,0,11,4,5,2,3,0.6402243971824646,0.20517238974571228
163,1,7,11,4,2,3,3,0.7293156981468201,0.7293156981468201
163,2,7,11,4,3,2,2,0.9377387762069702,0.9377387762069702
163,3,14,11,4,2,3,3,0.9521353840827942,0.9521353840827942
163,4,15,11,4,3,3,2,0.8854123950004578,0.07432430982589722
163,5,15,11,4,3,0,2,0.8259117603302002,0.13712945580482483
163,6,8,11,4,0,3,3,0.9995914101600647,0.9995914101600647
163,7,9,11,4,3,3,3,0.767221212387085,0.767221212387085
163,8,9,11,4,3,0,2,0.948375403881073,0.03443416953086853
163,9,2,11,4,0,3,3,0.9982914328575134,0.9982914328575134
163,10,3,11,4,3,3,2,0.9808709025382996,0.01715986058115959
163,11,4,11,4,3,2,2,0.9438015222549438,0.9438015222549438
163,12,4,11,4,2,1,3,0.9953998923301697,0.00024752438184805214
163,13,3,11,4,1,0,2,0.9030669927597046,0.0002642209001351148
163,14,3,11,4,0,3,3,0.9437763690948486,0.9437763690948486
163,15,4,11,4,3,3,0,0.6121793389320374,0.10418639332056046
163,16,5,11,4,3,2,2,0.5185090899467468,0.5185090899467468
163,17,5,11,4,2,2,0,0.7913147807121277,0.06219535320997238
163,18,5,11,4,2,3,3,0.7772542834281921,0.7772542834281921
163,19,6,11,4,3,2,2,0.9516105651855469,0.9516105651855469
163,20,13,11,4,2,1,1,0.9901086091995239,0.9901086091995239
163,21,12,11,4,1,1,2,0.6030384302139282,0.3905222713947296
167,0,18,0,4,5,1,2,0.8063964247703552,0.09886405616998672
167,1,18,0,4,1,0,2,0.6373751759529114,0.2693902254104614
167,2,18,0,4,0,2,1,0.9344792366027832,0.041610442101955414
167,3,25,0,4,2,1,1,0.9031463861465454,0.9031463861465454
167,4,25,0,4,1,2,0,0.7823525071144104,0.05183234438300133
167,5,25,0,4,2,3,1,0.7409994602203369,0.08832866698503494
167,6,26,0,4,3,0,0,0.6872902512550354,0.6872902512550354
167,7,26,0,4,0,1,1,0.9656202793121338,0.9656202793121338
167,8,25,0,4,1,1,0,0.8061560392379761,0.06386344879865646
167,9,25,0,4,1,1,0,0.9841833710670471,0.005541606806218624
167,10,25,0,4,1,2,0,0.9263095259666443,0.019177475944161415
167,11,25,0,4,2,0,1,0.9635558128356934,0.023579712957143784
167,12,18,0,4,0,0,1,0.8610339760780334,0.07250990718603134
167,13,18,0,4,0,1,1,0.49382248520851135,0.49382248520851135
167,14,18,0,4,1,3,3,0.5395195484161377,0.5395195484161377
167,15,19,0,4,3,0,1,0.5899588465690613,0.3689180910587311
167,16,12,0,4,0,0,1,0.995853066444397,0.0006407920154742897
167,17,12,0,4,0,1,1,0.9714933633804321,0.9714933633804321
167,18,11,0,4,1,0,0,0.713058590888977,0.713058590888977
167,19,11,0,4,0,1,1,0.9833201766014099,0.9833201766014099
167,20,10,0,4,1,0,1,0.7042545676231384,0.2692437767982483
167,21,3,0,4,0,1,1,0.9871935248374939,0.9871935248374939
167,22,2,0,4,1,1,2,0.6742449402809143,0.3205907940864563
167,23,2,0,4,1,2,2,0.9660137295722961,0.9660137295722961
167,24,9,0,4,2,1,1,0.992576003074646,0.992576003074646
167,25,8,0,4,1,1,2,0.6315886378288269,0.026541076600551605
167,26,8,0,4,1,0,2,0.9151860475540161,0.016348714008927345
167,27,1,0,4,0,1,1,0.9370089173316956,0.9370089173316956
167,28,1,0,4,1,1,2,0.9879056215286255,0.009765609167516232
167,29,1,0,4,1,2,1,0.5560770630836487,0.10231002420186996
167,30,8,0,4,2,2,1,0.9648110866546631,0.030212892219424248
167,31,15,0,4,2,1,1,0.9965555667877197,0.9965555667877197
167,32,14,0,4,1,0,0,0.9867739677429199,0.9867739677429199
167,33,7,0,4,0,0,0,0.919682502746582,0.919682502746582
171,0,24,8,4,5,1,0,0.9112054109573364,0.012660132721066475
171,1,24,8,4,1,0,0,0.853642463684082,0.853642463684082
171,2,24,8,4,0,3,1,0.5070396065711975,0.2787785232067108
171,3,24,8,4,3,2,0,0.9763492345809937,0.009437046013772488
171,4,31,8,4,2,1,0,0.5661618113517761,0.1852465122938156
171,5,31,8,4,1,3,2,0.39176633954048157,0.14897634088993073
171,6,32,8,4,3,0,0,0.9909924268722534,0.9909924268722534
171,7,32,8,4,0,3,0,0.8533803820610046,0.1415378600358963
171,8,33,8,4,3,0,0,0.9987030029296875,0.9987030029296875
171,9,26,8,4,0,0,0,0.7186535000801086,0.7186535000801086
171,10,26,8,4,0,1,1,0.5599491000175476,0.5599491000175476
171,11,25,8,4,1,0,0,0.998665452003479,0.998665452003479
171,12,18,8,4,0,0,0,0.8771828413009644,0.8771828413009644
171,13,18,8,4,0,1,1,0.9459512829780579,0.9459512829780579
171,14,18,8,4,1,3,2,0.5516254305839539,0.012673189863562584
171,15,19,8,4,3,0,0,0.9716708064079285,0.9716708064079285
171,16,12,8,4,0,1,1,0.9315334558486938,0.9315334558486938
171,17,11,8,4,1,1,1,0.9830940961837769,0.9830940961837769
171,18,10,8,4,1,1,0,0.9821673631668091,0.014636545442044735
171,19,10,8,4,1,0,0,0.9923388957977295,0.9923388957977295
171,20,3,8,4,0,1,1,0.9910649061203003,0.9910649061203003
171,21,2,8,4,1,1,1,0.7592161297798157,0.7592161297798157
171,22,2,8,4,1,2,2,0.6656627058982849,0.6656627058982849
171,23,9,8,4,2,1,1,0.7980912923812866,0.7980912923812866
175,0,46,8,4,5,0,0,0.9241405129432678,0.9241405129432678
175,1,39,8,4,0,0,0,0.832258403301239,0.832258403301239
175,2,39,8,4,0,1,1,0.8802630305290222,0.8802630305290222
175,3,39,8,4,1,3,2,0.5673710703849792,0.017147261649370193
175,4,40,8,4,3,0,0,0.8526370525360107,0.8526370525360107
175,5,33,8,4,0,0,0,0.5828253626823425,0.5828253626823425
175,6,26,8,4,0,0,1,0.8635300397872925,0.017473913729190826
175,7,26,8,4,0,1,1,0.9362877011299133,0.9362877011299133
175,8,25,8,4,1,1,0,0.9385530352592468,0.06079758703708649
175,9,25,8,4,1,0,0,0.9940332770347595,0.9940332770347595
175,10,18,8,4,0,1,1,0.5437325835227966,0.5437325835227966
175,11,18,8,4,1,0,0,0.7248317003250122,0.7248317003250122
175,12,18,8,4,0,1,2,0.35575300455093384,0.3345016837120056
175,13,18,8,4,1,3,0,0.8775057792663574,0.018671495839953423
175,14,19,8,4,3,0,0,0.9967290163040161,0.9967290163040161
175,15,12,8,4,0,1,1,0.8469878435134888,0.8469878435134888
175,16,11,8,4,1,1,1,0.9491044282913208,0.9491044282913208
175,17,10,8,4,1,1,0,0.9773564338684082,0.014787486754357815
175,18,10,8,4,1,0,0,0.9916855096817017,0.9916855096817017
175,19,3,8,4,0,1,1,0.9941504597663879,0.9941504597663879
175,20,2,8,4,1,1,1,0.7627400159835815,0.7627400159835815
175,21,2,8,4,1,2,2,0.5707494616508484,0.5707494616508484
175,22,9,8,4,2,1,1,0.825911819934845,0.825911819934845
179,0,12,44,4,5,2,2,0.8542467951774597,0.8542467951774597
179,1,19,44,4,2,2,1,0.916864812374115,0.068573959171772
179,2,19,44,4,2,1,1,0.9965665340423584,0.9965665340423584
179,3,18,44,4,1,2,2,0.99228435754776,0.99228435754776
179,4,25,44,4,2,2,1,0.5048591494560242,0.14338785409927368
179,5,25,44,4,2,1,2,0.5006085634231567,0.0851958617568016
179,6,25,44,4,1,3,2,0.9628190398216248,0.007668798323720694
179,7,26,44,4,3,2,2,0.9371947646141052,0.9371947646141052
179,8,33,44,4,2,2,1,0.9630751609802246,0.00798126868903637
179,9,40,44,4,2,2,1,0.9111268520355225,0.046891193836927414
179,10,47,44,4,2,1,1,0.7909747362136841,0.7909747362136841
179,11,47,44,4,1,0,1,0.5769873261451721,0.03868129849433899
179,12,40,44,4,0,1,1,0.9931265115737915,0.9931265115737915
179,13,39,44,4,1,2,2,0.967231035232544,0.967231035232544
179,14,46,44,4,2,1,1,0.8476958274841309,0.8476958274841309
179,15,45,44,4,1,0,2,0.575229287147522,0.272727906703949
179,16,38,44,4,0,2,1,0.6968357563018799,0.16036756336688995
179,17,45,44,4,2,1,0,0.5527359843254089,0.024712039157748222
179,18,45,44,4,1,0,2,0.844778835773468,0.13585925102233887
179,19,38,44,4,0,1,1,0.6650764346122742,0.6650764346122742
179,20,37,44,4,1,2,2,0.9991663694381714,0.9991663694381714
183,0,46,19,4,5,0,0,0.5550714135169983,0.5550714135169983
183,1,39,19,4,0,3,0,0.518446147441864,0.07402337342500687
183,2,40,19,4,3,0,0,0.9439398050308228,0.9439398050308228
183,3,33,19,4,0,0,3,0.7712469696998596,0.0949697270989418
183,4,26,19,4,0,0,3,0.7090893387794495,0.002576059428974986
183,5,26,19,4,0,1,3,0.7219651341438293,0.24042478203773499
183,6,25,19,4,1,0,0,0.9729964137077332,0.9729964137077332
183,7,18,19,4,0,3,3,0.7126827239990234,0.7126827239990234
187,0,38,18,4,5,0,0,0.5998089909553528,0.5998089909553528
187,1,31,18,4,0,3,0,0.8689373135566711,0.12557366490364075
187,2,32,18,4,3,0,0,0.8210766315460205,0.8210766315460205
187,3,32,18,4,0,3,3,0.956345796585083,0.956345796585083
187,4,33,18,4,3,0,0,0.9541677832603455,0.9541677832603455
187,5,26,18,4,0,0,0,0.6253537535667419,0.6253537535667419
187,6,26,18,4,0,1,0,0.5023035407066345,0.12466057389974594
187,7,25,18,4,1,0,0,0.9958237409591675,0.9958237409591675
191,0,2,45,4,5,2,2,0.43629077076911926,0.43629077076911926
191,1,9,45,4,2,2,2,0.8262637257575989,0.8262637257575989
191,2,9,45,4,2,3,3,0.8351333737373352,0.8351333737373352
191,3,9,45,4,3,1,2,0.564173698425293,0.06876667588949203
191,4,8,45,4,1,2,2,0.9603469967842102,0.9603469967842102
191,5,15,45,4,2,2,2,0.5377495884895325,0.5377495884895325
191,6,22,45,4,2,2,2,0.6409425735473633,0.6409425735473633
191,7,29,45,4,2,2,3,0.9948505759239197,0.004648813046514988
191,8,29,45,4,2,3,3,0.9837878942489624,0.9837878942489624
191,9,30,45,4,3,2,2,0.4861983060836792,0.4861983060836792
191,10,30,45,4,2,3,3,0.6400803923606873,0.6400803923606873
191,11,30,45,4,3,1,2,0.6503247022628784,0.01681058667600155
191,12,29,45,4,1,1,2,0.7534801363945007,0.150213822722435
191,13,28,45,4,1,2,2,0.998058021068573,0.998058021068573
191,14,35,45,4,2,3,3,0.9936990737915039,0.9936990737915039
191,15,36,45,4,3,3,3,0.9429108500480652,0.9429108500480652
191,16,37,45,4,3,2,3,0.8707298636436462,0.11476636677980423
191,17,44,45,4,2,3,3,0.8962514400482178,0.8962514400482178
191,18,44,45,4,3,0,0,0.8773326277732849,0.8773326277732849
191,19,37,45,4,0,3,3,0.9966637492179871,0.9966637492179871
191,20,38,45,4,3,2,2,0.9589300751686096,0.9589300751686096
195,0,37,39,4,5,3,3,0.5556646585464478,0.5556646585464478
195,1,38,39,4,3,3,2,0.9662074446678162,0.009731652215123177
195,2,38,39,4,3,2,0,0.8784106373786926,0.09911321848630905
195,3,45,39,4,2,3,3,0.9518103003501892,0.9518103003501892
195,4,46,39,4,3,0,0,0.97966068983078,0.97966068983078
199,0,18,39,4,5,2,2,0.7788659930229187,0.7788659930229187
199,1,25,39,4,2,2,3,0.6806147694587708,0.2873183786869049
199,2,25,39,4,2,1,3,0.9541307687759399,0.008138934150338173
199,3,25,39,4,1,3,3,0.5467228293418884,0.5467228293418884
199,4,26,39,4,3,2,2,0.9981805086135864,0.9981805086135864
199,5,33,39,4,2,2,2,0.9787259101867676,0.9787259101867676
199,6,40,39,4,2,1,1,0.8159506916999817,0.8159506916999817
203,0,21,18,4,5,1,0,0.7947835922241211,0.03955058008432388
203,1,21,18,4,1,3,0,0.9926183819770813,0.000964741688221693
203,2,21,18,4,3,0,0,0.9308977127075195,0.9308977127075195
203,3,14,18,4,0,3,3,0.9980302453041077,0.9980302453041077
203,4,15,18,4,3,3,3,0.7146995067596436,0.7146995067596436
203,5,15,18,4,3,0,2,0.6766870617866516,0.09086103737354279
203,6,8,18,4,0,3,3,0.9998465776443481,0.9998465776443481
203,7,9,18,4,3,3,0,0.677718460559845,0.30667388439178467
203,8,9,18,4,3,0,0,0.7633534669876099,0.7633534669876099
203,9,2,18,4,0,3,3,0.9901376962661743,0.9901376962661743
203,10,3,18,4,3,3,2,0.9685708284378052,0.010941469110548496
203,11,4,18,4,3,2,2,0.9202337861061096,0.9202337861061096
203,12,4,18,4,2,1,3,0.9978553652763367,0.0003401577996555716
203,13,3,18,4,1,2,2,0.6502004265785217,0.6502004265785217
203,14,10,18,4,2,3,3,0.8485772013664246,0.8485772013664246
203,15,11,18,4,3,2,2,0.5464056730270386,0.5464056730270386
203,16,11,18,4,2,1,3,0.9316473603248596,0.06366965174674988
203,17,10,18,4,1,2,3,0.6476098299026489,0.2034849226474762
203,18,17,18,4,2,3,1,0.3475103974342346,0.2928718030452728
203,19,17,18,4,3,0,0,0.6128416061401367,0.6128416061401367
203,20,10,18,4,0,3,3,0.892703115940094,0.892703115940094
203,21,11,18,4,3,3,2,0.888038694858551,0.09715084731578827
203,22,12,18,4,3,2,2,0.9751097559928894,0.9751097559928894
203,23,19,18,4,2,1,1,0.4911983013153076,0.4911983013153076
207,0,41,38,4,5,1,1,0.535060465335846,0.535060465335846
207,1,41,38,4,1,2,0,0.5511084794998169,0.19052796065807343
207,2,48,38,4,2,1,1,0.9730095267295837,0.9730095267295837
207,3,47,38,4,1,1,0,0.6796423196792603,0.3155384659767151
207,4,47,38,4,1,0,0,0.9999078512191772,0.9999078512191772
207,5,40,38,4,0,1,1,0.8915718793869019,0.8915718793869019
207,6,39,38,4,1,2,1,0.6089458465576172,0.008121038787066936
207,7,46,38,4,2,1,1,0.9871250987052917,0.9871250987052917
207,8,45,38,4,1,0,0,0.985856294631958,0.985856294631958
211,0,11,36,4,5,1,3,0.7000359892845154,0.08001494407653809
211,1,10,36,4,1,2,2,0.8057154417037964,0.8057154417037964
211,2,17,36,4,2,1,2,0.3641931116580963,0.14573898911476135
211,3,16,36,4,1,2,3,0.5048521757125854,0.40571025013923645
211,4,23,36,4,2,1,3,0.7310574650764465,0.2431650459766388
211,5,23,36,4,1,2,2,0.8255444169044495,0.8255444169044495
211,6,30,36,4,2,2,1,0.7686290144920349,0.005126663949340582
211,7,30,36,4,2,1,3,0.7132173776626587,0.2832481563091278
211,8,29,36,4,1,2,1,0.5882593393325806,0.2303796261548996
211,9,29,36,4,2,1,1,0.9466550946235657,0.9466550946235657
211,10,28,36,4,1,2,2,0.9998834133148193,0.9998834133148193
211,11,35,36,4,2,3,3,0.9990768432617188,0.9990768432617188
215,0,18,44,4,5,1,2,0.9106074571609497,0.026233647018671036
215,1,18,44,4,1,2,2,0.9722498655319214,0.9722498655319214
215,2,25,44,4,2,2,3,0.3922165334224701,0.19056139886379242
215,3,25,44,4,2,1,3,0.5422689318656921,0.26026448607444763
215,4,25,44,4,1,3,2,0.6217362284660339,0.14448246359825134
215,5,26,44,4,3,2,2,0.9930024743080139,0.9930024743080139
215,6,33,44,4,2,2,1,0.6423933506011963,0.31163057684898376
215,7,40,44,4,2,1,1,0.9295545816421509,0.9295545816421509
215,8,39,44,4,1,1,2,0.8091481328010559,0.1525011956691742
215,9,39,44,4,1,2,2,0.9818658232688904,0.9818658232688904
215,10,46,44,4,2,1,1,0.9859098196029663,0.9859098196029663
215,11,45,44,4,1,0,0,0.5060133337974548,0.5060133337974548
215,12,38,44,4,0,1,1,0.6980661749839783,0.6980661749839783
215,13,37,44,4,1,2,2,0.9919635057449341,0.9919635057449341
219,0,46,29,4,5,1,1,0.6809547543525696,0.6809547543525696
219,1,45,29,4,1,0,0,0.99146968126297,0.99146968126297
219,2,38,29,4,0,1,1,0.7958163022994995,0.7958163022994995
219,3,37,29,4,1,1,0,0.8055915832519531,0.18005838990211487
219,4,36,29,4,1,0,0,0.728252112865448,0.728252112865448
219,5,36,29,4,0,3,1,0.9806419014930725,0.0026791058480739594
219,6,37,29,4,3,0,0,0.990608811378479,0.990608811378479
219,7,37,29,4,0,1,1,0.5108985900878906,0.5108985900878906
219,8,36,29,4,1,1,1,0.8102163076400757,0.8102163076400757
219,9,35,29,4,1,0,0,0.9591841101646423,0.9591841101646423
219,10,28,29,4,0,3,3,0.9539098739624023,0.9539098739624023
223,0,3,40,4,5,2,2,0.9502366185188293,0.9502366185188293
223,1,10,40,4,2,2,2,0.9805083870887756,0.9805083870887756
223,2,17,40,4,2,2,0,0.8673763275146484,0.011544735170900822
223,3,17,40,4,2,3,1,0.8690475225448608,0.06148814782500267
223,4,17,40,4,3,1,2,0.6710518002510071,0.029996341094374657
223,5,16,40,4,1,2,2,0.815446138381958,0.815446138381958
223,6,23,40,4,2,3,3,0.9025273323059082,0.9025273323059082
223,7,23,40,4,3,2,2,0.7773871421813965,0.7773871421813965
223,8,30,40,4,2,3,3,0.991051435470581,0.991051435470581
223,9,30,40,4,3,2,3,0.5844957232475281,0.2555139362812042
223,10,30,40,4,2,1,3,0.7549224495887756,0.07123765349388123
223,11,29,40,4,1,2,2,0.7459716796875,0.7459716796875
223,12,29,40,4,2,1,1,0.9487242102622986,0.9487242102622986
223,13,28,40,4,1,2,2,0.9932007193565369,0.9932007193565369
223,14,35,40,4,2,3,3,0.9556214213371277,0.9556214213371277
223,15,36,40,4,3,3,3,0.9773558378219604,0.9773558378219604
223,16,37,40,4,3,3,3,0.9306977987289429,0.9306977987289429
223,17,38,40,4,3,3,0,0.5995369553565979,0.3834562599658966
223,18,38,40,4,3,2,0,0.9121956825256348,0.04234390705823898
223,19,45,40,4,2,3,3,0.9485642313957214,0.9485642313957214
223,20,46,40,4,3,0,0,0.997885525226593,0.997885525226593
223,21,39,40,4,0,3,3,0.7140851616859436,0.7140851616859436
227,0,10,25,4,5,2,3,0.5405693650245667,0.34015023708343506
227,1,17,25,4,2,3,3,0.5700637102127075,0.5700637102127075
227,2,17,25,4,3,2,2,0.7069159150123596,0.7069159150123596
227,3,17,25,4,2,1,1,0.42884933948516846,0.42884933948516846
227,4,16,25,4,1,2,2,0.9643545746803284,0.9643545746803284
227,5,23,25,4,2,3,3,0.8593735098838806,0.8593735098838806
227,6,23,25,4,3,2,2,0.9983190894126892,0.9983190894126892
227,7,30,25,4,2,3,3,0.9735959768295288,0.9735959768295288
227,8,30,25,4,3,2,2,0.8895479440689087,0.8895479440689087
227,9,30,25,4,2,0,1,0.42100995779037476,0.2722110152244568
227,10,23,25,4,0,0,3,0.8838992714881897,0.06148410961031914
227,11,16,25,4,0,3,3,0.9344499707221985,0.9344499707221985
227,12,17,25,4,3,0,2,0.9468538165092468,0.04155837371945381
227,13,10,25,4,0,3,3,0.9979373216629028,0.9979373216629028
227,14,11,25,4,3,2,3,0.8697817921638489,0.1054864451289177
227,15,11,25,4,2,3,3,0.9572451114654541,0.9572451114654541
227,16,12,25,4,3,2,2,0.9900283217430115,0.9900283217430115
227,17,19,25,4,2,2,2,0.5630205273628235,0.5630205273628235
227,18,19,25,4,2,1,1,0.6858807802200317,0.6858807802200317
227,19,18,25,4,1,2,2,0.9996151924133301,0.9996151924133301
231,0,15,10,4,5,3,2,0.33902624249458313,0.2753956615924835
231,1,15,10,4,3,0,0,0.9606422781944275,0.9606422781944275
231,2,8,10,4,0,0,3,0.9939555525779724,0.0011845107655972242
231,3,1,10,4,0,3,3,0.9987492561340332,0.9987492561340332
231,4,1,10,4,3,1,2,0.9909560084342957,0.0003669867292046547
231,5,1,10,4,1,2,2,0.5305390357971191,0.5305390357971191
231,6,8,10,4,2,3,3,0.8974871635437012,0.8974871635437012
231,7,9,10,4,3,0,2,0.9579774141311646,0.03932155668735504
231,8,2,10,4,0,3,3,0.9996477365493774,0.9996477365493774
231,9,3,10,4,3,2,3,0.5687491297721863,0.4309757351875305
235,0,11,27,4,5,2,3,0.7686642408370972,0.1481267809867859
235,1,11,27,4,2,3,3,0.9356243014335632,0.9356243014335632
235,2,12,27,4,3,2,2,0.9387915134429932,0.9387915134429932
235,3,19,27,4,2,3,2,0.945510745048523,0.0018391370540484786
235,4,19,27,4,3,2,2,0.8964247107505798,0.8964247107505798
235,5,19,27,4,2,1,1,0.6775290966033936,0.6775290966033936
235,6,18,27,4,1,2,2,0.9993558526039124,0.9993558526039124
235,7,25,27,4,2,3,3,0.7772639989852905,0.7772639989852905
235,8,26,27,4,3,2,2,0.8801575899124146,0.8801575899124146
235,9,33,27,4,2,3,1,0.5706380009651184,0.19172467291355133
235,10,34,27,4,3,0,2,0.7737801671028137,0.07423772662878036
239,0,25,46,4,5,2,3,0.41249868273735046,0.3983267843723297
239,1,25,46,4,2,3,3,0.7655909657478333,0.7655909657478333
239,2,26,46,4,3,2,2,0.9992532134056091,0.9992532134056091
239,3,33,46,4,2,3,2,0.948191225528717,0.014527656137943268
239,4,34,46,4,3,2,2,0.5546689629554749,0.5546689629554749
239,5,41,46,4,2,1,3,0.7800324559211731,0.20541445910930634
239,6,41,46,4,1,2,2,0.7940500378608704,0.7940500378608704
239,7,48,46,4,2,1,1,0.4248547852039337,0.4248547852039337
239,8,47,46,4,1,0,2,0.9670179486274719,0.010261517018079758
239,9,40,46,4,0,1,1,0.8451841473579407,0.8451841473579407
239,10,39,46,4,1,2,2,0.9958879351615906,0.9958879351615906
243,0,23,31,4,5,3,0,0.5085458159446716,0.0935489684343338
243,1,23,31,4,3,2,2,0.9664160013198853,0.9664160013198853
243,2,30,31,4,2,3,1,0.6689677238464355,0.017362501472234726
243,3,30,31,4,3,2,2,0.8109425902366638,0.8109425902366638
243,4,30,31,4,2,0,0,0.6337940096855164,0.6337940096855164
243,5,23,31,4,0,0,3,0.7086964249610901,0.06477952748537064
243,6,16,31,4,0,3,2,0.7160888910293579,0.2767205536365509
243,7,17,31,4,3,2,2,0.5503820776939392,0.5503820776939392
243,8,17,31,4,2,3,0,0.48644310235977173,0.48632991313934326
243,9,17,31,4,3,1,0,0.7215052843093872,0.03307567909359932
243,10,16,31,4,1,1,2,0.9399400949478149,0.0323982760310173
243,11,16,31,4,1,2,2,0.9332290887832642,0.9332290887832642
243,12,23,31,4,2,1,2,0.5041530728340149,0.20154982805252075
243,13,23,31,4,1,2,2,0.9748294353485107,0.9748294353485107
243,14,30,31,4,2,2,3,0.7492614388465881,0.04428495094180107
243,15,30,31,4,2,1,3,0.9715898036956787,0.017660610377788544
243,16,29,31,4,1,2,0,0.35347986221313477,0.2385782152414322
243,17,29,31,4,2,1,1,0.8856135010719299,0.8856135010719299
243,18,28,31,4,1,2,2,0.9991903901100159,0.9991903901100159
243,19,35,31,4,2,3,3,0.8559830188751221,0.8559830188751221
243,20,36,31,4,3,3,2,0.8051674365997314,0.10921948403120041
243,21,37,31,4,3,3,2,0.9858679175376892,0.005187810864299536
243,22,38,31,4,3,0,0,0.755963146686554,0.755963146686554
247,0,39,3,4,5,1,2,0.7842633724212646,0.02288573794066906
247,1,39,3,4,1,0,2,0.9187121391296387,0.012190880253911018
247,2,39,3,4,0,3,3,0.8637536764144897,0.8637536764144897
247,3,40,3,4,3,0,3,0.8005583882331848,0.06303038448095322
247,4,33,3,4,0,1,3,0.5017690658569336,0.37977784872055054
247,5,32,3,4,1,0,1,0.587640643119812,0.2631591856479645
247,6,32,3,4,0,0,1,0.8520802855491638,0.029382402077317238
247,7,32,3,4,0,3,3,0.4876447916030884,0.4876447916030884
247,8,33,3,4,3,0,0,0.9667143821716309,0.9667143821716309
247,9,26,3,4,0,3,1,0.5425839424133301,0.04632091894745827
247,10,27,3,4,3,0,0,0.9964601397514343,0.9964601397514343
247,11,20,3,4,0,1,1,0.5381734371185303,0.5381734371185303
247,12,20,3,4,1,0,2,0.9869338274002075,0.004012075252830982
247,13,20,3,4,0,2,1,0.7314777374267578,0.24330298602581024
247,14,27,3,4,2,1,2,0.8868477940559387,0.10528482496738434
247,15,26,3,4,1,1,0,0.47456663846969604,0.2122839391231537
247,16,25,3,4,1,0,0,0.8124836683273315,0.8124836683273315
247,17,18,3,4,0,1,1,0.6467111706733704,0.6467111706733704
247,18,18,3,4,1,0,3,0.5086134076118469,0.3554403781890869
247,19,18,3,4,0,3,3,0.8993502855300903,0.8993502855300903
247,20,19,3,4,3,0,0,0.9889350533485413,0.9889350533485413
247,21,12,3,4,0,0,1,0.8673831224441528,0.02580532431602478
247,22,12,3,4,0,1,1,0.8703088760375977,0.8703088760375977
247,23,11,3,4,1,0,2,0.6289641857147217,0.1622234731912613
247,24,11,3,4,0,1,1,0.9565791487693787,0.9565791487693787
247,25,10,3,4,1,0,0,0.587690532207489,0.587690532207489
251,0,16,14,4,5,1,2,0.9088185429573059,0.02141682803630829
251,1,16,14,4,1,0,2,0.7914613485336304,0.18575425446033478
251,2,16,14,4,0,2,2,0.40132850408554077,0.40132850408554077
251,3,23,14,4,2,1,1,0.6114770770072937,0.6114770770072937
251,4,23,14,4,1,2,2,0.5837017297744751,0.5837017297744751
251,5,30,14,4,2,1,1,0.9780048727989197,0.9780048727989197
251,6,29,14,4,1,0,1,0.8472925424575806,0.14885340631008148
251,7,22,14,4,0,1,1,0.5943546891212463,0.5943546891212463
251,8,22,14,4,1,0,0,0.962846577167511,0.962846577167511
251,9,15,14,4,0,1,1,0.9617506861686707,0.9617506861686707
255,0,12,15,4,5,1,2,0.636085569858551,0.2698894739151001
255,1,11,15,4,1,1,2,0.583579957485199,0.37127742171287537
255,2,10,15,4,1,1,0,0.8460765480995178,0.12099810689687729
255,3,10,15,4,1,2,0,0.9250891804695129,0.04275266453623772
255,4,17,15,4,2,1,1,0.9924240112304688,0.9924240112304688
255,5,16,15,4,1,1,1,0.8033434748649597,0.8033434748649597
255,6,16,15,4,1,0,0,0.4306127727031708,0.4306127727031708
255,7,16,15,4,0,2,3,0.5418295860290527,0.05017057806253433
255,8,23,15,4,2,1,1,0.7972791194915771,0.7972791194915771
255,9,23,15,4,1,2,2,0.47806882858276367,0.47806882858276367
255,10,30,15,4,2,1,1,0.9175058007240295,0.9175058007240295
255,11,29,15,4,1,0,1,0.6470018029212952,0.18203924596309662
255,12,22,15,4,0,0,1,0.5016459822654724,0.03640458360314369
259,0,2,44,4,5,2,2,0.8466261625289917,0.8466261625289917
259,1,9,44,4,2,1,2,0.874465823173523,0.1082431748509407
259,2,8,44,4,1,2,2,0.9948798418045044,0.9948798418045044
259,3,15,44,4,2,2,2,0.7977811098098755,0.7977811098098755
259,4,22,44,4,2,3,2,0.994147777557373,0.0009605686063878238
259,5,22,44,4,3,1,2,0.9836134910583496,0.0016376158455386758
259,6,22,44,4,1,2,2,0.9903734922409058,0.9903734922409058
259,7,29,44,4,2,3,3,0.7641253471374512,0.7641253471374512
259,8,30,44,4,3,2,2,0.8245972394943237,0.8245972394943237
259,9,30,44,4,2,1,3,0.4719870984554291,0.2186351865530014
259,10,29,44,4,1,3,2,0.8323147296905518,0.0023513997439295053
259,11,30,44,4,3,3,2,0.7942857146263123,0.000959198921918869
259,12,30,44,4,3,1,2,0.5776059627532959,0.005745940376073122
259,13,29,44,4,1,2,2,0.9872370958328247,0.9872370958328247
259,14,29,44,4,2,1,1,0.7851970791816711,0.7851970791816711
259,15,28,44,4,1,2,2,0.9998321533203125,0.9998321533203125
259,16,35,44,4,2,3,3,0.9983342289924622,0.9983342289924622
259,17,36,44,4,3,2,3,0.7546728849411011,0.22425132989883423
259,18,36,44,4,2,3,3,0.9913233518600464,0.9913233518600464
259,19,37,44,4,3,2,2,0.9303646683692932,0.9303646683692932
263,0,32,30,4,5,2,3,0.45878568291664124,0.10202912986278534
263,1,32,30,4,2,0,3,0.7585358023643494,0.02902947925031185
263,2,32,30,4,0,1,1,0.7449368238449097,0.7449368238449097
263,3,31,30,4,1,0,2,0.8447167873382568,0.03979310393333435
263,4,24,30,4,0,2,2,0.799319863319397,0.799319863319397
263,5,31,30,4,2,2,2,0.5620443224906921,0.5620443224906921
263,6,38,30,4,2,1,1,0.9803393483161926,0.9803393483161926
263,7,37,30,4,1,0,1,0.8411264419555664,0.085270456969738
263,8,37,30,4,0,1,1,0.9975486397743225,0.9975486397743225
263,9,36,30,4,1,0,1,0.8637428283691406,0.12738201022148132
263,10,36,30,4,0,3,1,0.976150393486023,0.003557187505066395
263,11,37,30,4,3,2,0,0.8436093330383301,0.04348590597510338
263,12,44,30,4,2,1,0,0.7165363430976868,0.2799217104911804
263,13,43,30,4,1,0,0,0.6317310929298401,0.6317310929298401
263,14,43,30,4,0,0,1,0.7858051061630249,0.01107250526547432
263,15,43,30,4,0,3,3,0.7301232814788818,0.7301232814788818
263,16,44,30,4,3,0,0,0.6838654279708862,0.6838654279708862
263,17,37,30,4,0,1,0,0.5310683250427246,0.08854611217975616
263,18,36,30,4,1,1,1,0.8394149541854858,0.8394149541854858
263,19,35,30,4,1,0,0,0.9476863741874695,0.9476863741874695
263,20,28,30,4,0,3,3,0.999902606010437,0.999902606010437
263,21,29,30,4,3,3,3,0.9344930648803711,0.9344930648803711
267,0,9,38,4,5,2,0,0.8883432149887085,0.03273419290781021
267,1,9,38,4,2,3,0,0.5230463743209839,0.06387380510568619
267,2,9,38,4,3,1,0,0.7138795852661133,0.015590889379382133
267,3,8,38,4,1,2,2,0.9759789109230042,0.9759789109230042
267,4,15,38,4,2,3,2,0.939490556716919,0.007020961027592421
267,5,15,38,4,3,1,2,0.9937965869903564,0.003635031869634986
267,6,14,38,4,1,2,0,0.8981404304504395,0.037049680948257446
267,7,21,38,4,2,3,3,0.4934490919113159,0.4934490919113159
267,8,21,38,4,3,3,0,0.9875205755233765,0.0035605330485850573
267,9,21,38,4,3,0,0,0.9613245129585266,0.9613245129585266
267,10,14,38,4,0,3,3,0.5174188613891602,0.5174188613891602
267,11,15,38,4,3,2,0,0.7633909583091736,0.20791804790496826
267,12,22,38,4,2,2,2,0.8849709033966064,0.8849709033966064
267,13,29,38,4,2,3,3,0.8805606365203857,0.8805606365203857
267,14,30,38,4,3,2,0,0.9329668283462524,0.00318611366674304
267,15,30,38,4,2,3,0,0.9307292699813843,0.020377160981297493
267,16,30,38,4,3,1,0,0.96402508020401,0.006318890955299139
267,17,29,38,4,1,2,0,0.8663015961647034,0.11629918217658997
267,18,29,38,4,2,1,1,0.592451810836792,0.592451810836792
267,19,28,38,4,1,2,2,0.9879885911941528,0.9879885911941528
267,20,35,38,4,2,3,3,0.8864954113960266,0.8864954113960266
267,21,36,38,4,3,3,3,0.6168683767318726,0.6168683767318726
267,22,37,38,4,3,3,3,0.4127311110496521,0.4127311110496521
271,0,15,18,4,5,3,3,0.5337870121002197,0.5337870121002197
271,1,15,18,4,3,0,0,0.9680404663085938,0.9680404663085938
271,2,8,18,4,0,3,3,0.9990484118461609,0.9990484118461609
271,3,9,18,4,3,3,3,0.935070276260376,0.935070276260376
271,4,9,18,4,3,0,2,0.6272796988487244,0.34574979543685913
271,5,2,18,4,0,3,3,0.9983343482017517,0.9983343482017517
271,6,3,18,4,3,3,2,0.9812443852424622,0.007043441291898489
271,7,4,18,4,3,2,2,0.8934675455093384,0.8934675455093384
271,8,4,18,4,2,3,3,0.9974798560142517,0.9974798560142517
271,9,5,18,4,3,2,3,0.428733229637146,0.13416332006454468
271,10,5,18,4,2,3,1,0.7688182592391968,0.1747921258211136
271,11,6,18,4,3,2,2,0.9395750761032104,0.9395750761032104
271,12,13,18,4,2,2,1,0.7188439965248108,0.042513612657785416
271,13,13,18,4,2,1,1,0.9103204011917114,0.9103204011917114
271,14,12,18,4,1,2,2,0.9688997268676758,0.9688997268676758
271,15,19,18,4,2,1,2,0.7441575527191162,0.17153768241405487
275,0,23,31,4,5,3,0,0.5085458159446716,0.0935489684343338
275,1,23,31,4,3,2,2,0.9664160013198853,0.9664160013198853
275,2,30,31,4,2,2,1,0.6689677238464355,0.13381902873516083
275,3,30,31,4,2,1,1,0.8899021148681641,0.8899021148681641
275,4,29,31,4,1,2,2,0.9038630127906799,0.9038630127906799
275,5,29,31,4,2,1,1,0.9301297664642334,0.9301297664642334
275,6,28,31,4,1,2,2,0.9999111890792847,0.9999111890792847
275,7,35,31,4,2,3,3,0.9529619812965393,0.9529619812965393
275,8,36,31,4,3,3,3,0.9668751955032349,0.9668751955032349
275,9,37,31,4,3,3,3,0.9397849440574646,0.9397849440574646
275,10,38,31,4,3,0,0,0.726889967918396,0.726889967918396
279,0,19,38,4,5,2,0,0.8096873760223389,0.0032514468766748905
279,1,19,38,4,2,1,1,0.830112636089325,0.830112636089325
279,2,18,38,4,1,2,2,0.6318745017051697,0.6318745017051697
279,3,25,38,4,2,2,1,0.7174504995346069,0.05449695885181427
279,4,25,38,4,2,3,1,0.8653914332389832,0.04325709864497185
279,5,26,38,4,3,2,2,0.6925902962684631,0.6925902962684631
279,6,33,38,4,2,1,1,0.8459649682044983,0.8459649682044983
279,7,32,38,4,1,2,1,0.9260449409484863,0.0020375680178403854
279,8,32,38,4,2,1,1,0.8817436099052429,0.8817436099052429
279,9,31,38,4,1,2,1,0.48997166752815247,0.05316729471087456
283,0,43,39,4,5,3,3,0.7679930925369263,0.7679930925369263
283,1,44,39,4,3,3,2,0.7164086699485779,0.060077834874391556
283,2,44,39,4,3,0,0,0.7511307001113892,0.7511307001113892
283,3,37,39,4,0,3,3,0.9480425715446472,0.9480425715446472
283,4,38,39,4,3,3,2,0.9950856566429138,0.001976223662495613
283,5,38,39,4,3,0,2,0.5638996362686157,0.2844357490539551
283,6,31,39,4,0,3,3,0.9956716299057007,0.9956716299057007
283,7,32,39,4,3,2,0,0.48812171816825867,0.025362204760313034
283,8,32,39,4,2,3,3,0.990919828414917,0.990919828414917
283,9,33,39,4,3,2,0,0.6102833151817322,0.27554821968078613
283,10,40,39,4,2,1,1,0.5945886969566345,0.5945886969566345
287,0,12,46,4,5,2,2,0.8148159980773926,0.8148159980773926
287,1,19,46,4,2,2,1,0.6975427269935608,0.2994551360607147
287,2,19,46,4,2,3,1,0.9730522036552429,0.0018308503786101937
287,3,19,46,4,3,2,1,0.8904114365577698,0.07938311249017715
287,4,19,46,4,2,1,1,0.9942958950996399,0.9942958950996399
287,5,18,46,4,1,2,2,0.9722045063972473,0.9722045063972473
287,6,25,46,4,2,1,1,0.8125754594802856,0.8125754594802856
287,7,25,46,4,1,2,2,0.9990919828414917,0.9990919828414917
287,8,25,46,4,2,3,3,0.4991607367992401,0.4991607367992401
287,9,26,46,4,3,2,2,0.9989136457443237,0.9989136457443237
287,10,33,46,4,2,1,2,0.9012036323547363,0.08108160644769669
287,11,32,46,4,1,2,2,0.8462087512016296,0.8462087512016296
287,12,32,46,4,2,3,3,0.8608319163322449,0.8608319163322449
287,13,33,46,4,3,2,2,0.9958445429801941,0.9958445429801941
287,14,40,46,4,2,2,2,0.7872467041015625,0.7872467041015625
287,15,47,46,4,2,1,1,0.9058578610420227,0.9058578610420227
287,16,47,46,4,1,1,0,0.6818420886993408,0.30857422947883606
287,17,47,46,4,1,0,0,0.665183961391449,0.665183961391449
287,18,40,46,4,0,1,1,0.9988893866539001,0.9988893866539001
287,19,39,46,4,1,2,2,0.9978554844856262,0.9978554844856262
291,0,0,34,4,5,2,3,0.7257422804832458,0.2462213933467865
291,1,7,34,4,2,3,3,0.6367499828338623,0.6367499828338623
291,2,7,34,4,3,2,2,0.9982944130897522,0.9982944130897522
291,3,14,34,4,2,2,3,0.886957585811615,0.1099221408367157
291,4,21,34,4,2,2,3,0.715234637260437,0.2773982584476471
291,5,21,34,4,2,3,2,0.5270859003067017,0.4351324439048767
291,6,21,34,4,3,0,2,0.9580882787704468,0.041165441274642944
291,7,14,34,4,0,3,3,0.9994144439697266,0.9994144439697266
291,8,15,34,4,3,2,3,0.7494418621063232,0.24795576930046082
291,9,22,34,4,2,3,3,0.5766236782073975,0.5766236782073975
291,10,22,34,4,3,2,2,0.9929278492927551,0.9929278492927551
291,11,29,34,4,2,3,3,0.8844502568244934,0.8844502568244934
291,12,30,34,4,3,2,3,0.6017835736274719,0.21551106870174408
291,13,30,34,4,2,0,3,0.8986642360687256,0.06334561854600906
291,14,23,34,4,0,3,3,0.9922539591789246,0.9922539591789246
291,15,23,34,4,3,0,2,0.5686479806900024,0.4230644404888153
291,16,16,34,4,0,3,3,0.9965433478355408,0.9965433478355408
291,17,17,34,4,3,2,2,0.9888389110565186,0.9888389110565186
291,18,17,34,4,2,3,3,0.8803438544273376,0.8803438544273376
291,19,17,34,4,3,0,0,0.8502219915390015,0.8502219915390015
291,20,10,34,4,0,3,3,0.9972430467605591,0.9972430467605591
291,21,11,34,4,3,2,2,0.9344550967216492,0.9344550967216492
291,22,11,34,4,2,3,3,0.9919180274009705,0.9919180274009705
291,23,12,34,4,3,2,2,0.9458679556846619,0.9458679556846619
291,24,19,34,4,2,2,3,0.7096408605575562,0.2856198251247406
291,25,19,34,4,2,3,3,0.9745765328407288,0.9745765328407288
291,26,19,34,4,3,0,2,0.7244080305099487,0.10465367883443832
291,27,12,34,4,0,3,3,0.9124157428741455,0.9124157428741455
291,28,13,34,4,3,2,2,0.9989235997200012,0.9989235997200012
291,29,13,34,4,2,1,2,0.9091711044311523,0.009210613556206226
291,30,12,34,4,1,2,2,0.9845227003097534,0.9845227003097534
291,31,19,34,4,2,3,3,0.7311736941337585,0.7311736941337585
291,32,19,34,4,3,1,2,0.9232745170593262,0.053724776953458786
291,33,18,34,4,1,2,2,0.9978516101837158,0.9978516101837158
291,34,25,34,4,2,2,3,0.9672693014144897,0.025400137528777122
291,35,25,34,4,2,3,3,0.9975874423980713,0.9975874423980713
291,36,26,34,4,3,2,2,0.944544792175293,0.944544792175293
291,37,33,34,4,2,3,3,0.848685085773468,0.848685085773468
295,0,26,1,4,5,2,1,0.4833723306655884,0.0874037891626358
295,1,33,1,4,2,3,1,0.812419056892395,0.10922335088253021
295,2,34,1,4,3,0,1,0.5583727359771729,0.40432009100914
295,3,27,1,4,0,2,0,0.5177064538002014,0.00026554602663964033
295,4,34,1,4,2,1,1,0.8357650637626648,0.8357650637626648
295,5,33,1,4,1,0,1,0.8781000971794128,0.11999509483575821
295,6,26,1,4,0,1,1,0.9966692328453064,0.9966692328453064
295,7,25,1,4,1,1,0,0.9946990013122559,0.00474528269842267
295,8,25,1,4,1,0,0,0.9932295083999634,0.9932295083999634
295,9,18,1,4,0,1,1,0.9352920055389404,0.9352920055389404
295,10,18,1,4,1,3,0,0.8728967905044556,0.03188431262969971
295,11,19,1,4,3,0,0,0.9949581027030945,0.9949581027030945
295,12,12,1,4,0,1,1,0.9625539779663086,0.9625539779663086
295,13,11,1,4,1,0,1,0.9905242323875427,0.0048879776149988174
295,14,11,1,4,0,1,1,0.9852896332740784,0.9852896332740784
295,15,10,1,4,1,0,0,0.7113518118858337,0.7113518118858337
295,16,3,1,4,0,1,1,0.996025800704956,0.996025800704956
295,17,2,1,4,1,1,2,0.5596911311149597,0.43685296177864075
295,18,2,1,4,1,2,2,0.8342815041542053,0.8342815041542053
295,19,9,1,4,2,1,1,0.9909045100212097,0.9909045100212097
295,20,8,1,4,1,0,0,0.9768725633621216,0.9768725633621216
299,0,23,7,4,5,1,0,0.6708352565765381,0.1367073506116867
299,1,23,7,4,1,0,2,0.7643454670906067,0.19863088428974152
299,2,16,7,4,0,1,1,0.6212084889411926,0.6212084889411926
299,3,16,7,4,1,0,0,0.6830381155014038,0.6830381155014038
299,4,16,7,4,0,3,3,0.9172207117080688,0.9172207117080688
299,5,17,7,4,3,0,0,0.8973070979118347,0.8973070979118347
299,6,10,7,4,0,1,0,0.793792724609375,0.1723582148551941
299,7,10,7,4,1,0,0,0.9704824686050415,0.9704824686050415
299,8,3,7,4,0,1,1,0.9951533079147339,0.9951533079147339
299,9,2,7,4,1,2,2,0.5479159355163574,0.5479159355163574
299,10,9,7,4,2,1,1,0.9684555530548096,0.9684555530548096
299,11,8,7,4,1,0,0,0.9791863560676575,0.9791863560676575
299,12,1,7,4,0,1,1,0.999215841293335,0.999215841293335
299,13,1,7,4,1,2,2,0.9677006602287292,0.9677006602287292
299,14,8,7,4,2,1,1,0.8972085118293762,0.8972085118293762
299,15,8,7,4,1,2,2,0.9040270447731018,0.9040270447731018
299,16,15,7,4,2,1,1,0.9968639612197876,0.9968639612197876
299,17,14,7,4,1,0,0,0.9761788845062256,0.9761788845062256
303,0,31,23,4,5,1,2,0.4088418781757355,0.035554416477680206
303,1,31,23,4,1,3,2,0.8543610572814941,0.0299976859241724
303,2,32,23,4,3,0,0,0.6547930836677551,0.6547930836677551
303,3,32,23,4,0,2,3,0.9832363724708557,9.006615437101573e-05
303,4,32,23,4,2,1,3,0.982071578502655,0.0010870867408812046
303,5,31,23,4,1,2,2,0.7292356491088867,0.7292356491088867
303,6,38,23,4,2,1,1,0.8940966725349426,0.8940966725349426
303,7,37,23,4,1,0,0,0.9703418016433716,0.9703418016433716
303,8,37,23,4,0,1,1,0.9416834115982056,0.9416834115982056
303,9,36,23,4,1,0,0,0.9451102614402771,0.9451102614402771
303,10,36,23,4,0,1,1,0.984527587890625,0.984527587890625
303,11,35,23,4,1,0,0,0.991515040397644,0.991515040397644
303,12,28,23,4,0,3,3,0.997527539730072,0.997527539730072
303,13,29,23,4,3,0,0,0.9440571665763855,0.9440571665763855
303,14,22,23,4,0,3,3,0.9826871752738953,0.9826871752738953
303,15,22,23,4,3,0,2,0.9868531227111816,0.007050521671772003
303,16,15,23,4,0,3,3,0.9998226761817932,0.9998226761817932
303,17,15,23,4,3,2,0,0.9785118699073792,0.0023629949428141117
303,18,22,23,4,2,2,3,0.9378612637519836,0.05575555935502052
303,19,29,23,4,2,3,3,0.9626455903053284,0.9626455903053284
303,20,30,23,4,3,0,0,0.3926774561405182,0.3926774561405182
307,0,32,14,4,5,1,0,0.42071670293807983,0.32432788610458374
307,1,31,14,4,1,1,2,0.5784251093864441,0.04124903678894043
307,2,31,14,4,1,0,0,0.586777925491333,0.586777925491333
307,3,24,14,4,0,1,1,0.7193090319633484,0.7193090319633484
307,4,24,14,4,1,0,0,0.9951168298721313,0.9951168298721313
307,5,24,14,4,0,3,3,0.6953664422035217,0.6953664422035217
307,6,24,14,4,3,2,0,0.7996758818626404,0.10141589492559433
307,7,31,14,4,2,2,1,0.6768962144851685,0.18521450459957123
307,8,38,14,4,2,1,1,0.998866081237793,0.998866081237793
307,9,37,14,4,1,1,1,0.7486843466758728,0.7486843466758728
307,10,36,14,4,1,0,0,0.9669837355613708,0.9669837355613708
307,11,36,14,4,0,1,1,0.9352343678474426,0.9352343678474426
307,12,35,14,4,1,0,0,0.9984315037727356,0.9984315037727356
307,13,28,14,4,0,3,3,0.9848166108131409,0.9848166108131409
307,14,29,14,4,3,0,0,0.9929471015930176,0.9929471015930176
307,15,22,14,4,0,1,1,0.5803009867668152,0.5803009867668152
307,16,22,14,4,1,0,0,0.9271795749664307,0.9271795749664307
307,17,15,14,4,0,1,1,0.823747992515564,0.823747992515564
311,0,27,10,4,5,1,0,0.5646169185638428,0.23209697008132935
311,1,26,10,4,1,0,0,0.6838950514793396,0.6838950514793396
311,2,26,10,4,0,1,1,0.9884125590324402,0.9884125590324402
311,3,25,10,4,1,1,0,0.9886521697044373,0.01054953970015049
311,4,25,10,4,1,0,0,0.9955908060073853,0.9955908060073853
311,5,18,10,4,0,1,1,0.8775694370269775,0.8775694370269775
311,6,18,10,4,1,0,0,0.8756550550460815,0.8756550550460815
311,7,18,10,4,0,3,3,0.8538946509361267,0.8538946509361267
311,8,19,10,4,3,0,0,0.9978727102279663,0.9978727102279663
311,9,12,10,4,0,1,1,0.9446731805801392,0.9446731805801392
311,10,11,10,4,1,1,1,0.9862120151519775,0.9862120151519775
315,0,40,3,4,5,0,2,0.43151840567588806,0.15637712180614471
315,1,33,3,4,0,0,1,0.36876943707466125,0.18738733232021332
315,2,26,3,4,0,0,3,0.4134100675582886,0.39914312958717346
315,3,26,3,4,0,1,1,0.7269501686096191,0.7269501686096191
315,4,25,3,4,1,0,0,0.9896705746650696,0.9896705746650696
315,5,18,3,4,0,1,1,0.7092985510826111,0.7092985510826111
315,6,18,3,4,1,0,0,0.647571861743927,0.647571861743927
315,7,18,3,4,0,3,3,0.7431576251983643,0.7431576251983643
315,8,19,3,4,3,0,0,0.9647437334060669,0.9647437334060669
315,9,12,3,4,0,1,1,0.9811930656433105,0.9811930656433105
315,10,11,3,4,1,1,1,0.9793983697891235,0.9793983697891235
315,11,10,3,4,1,0,2,0.5770588517189026,0.2822319567203522
319,0,31,16,4,5,0,0,0.4326001703739166,0.4326001703739166
319,1,24,16,4,0,1,2,0.5818542838096619,0.08672528713941574
319,2,24,16,4,1,0,0,0.9474108815193176,0.9474108815193176
319,3,24,16,4,0,3,1,0.5816540122032166,0.150634765625
319,4,24,16,4,3,3,0,0.9131712913513184,0.028275569900870323
319,5,24,16,4,3,2,0,0.4908727705478668,0.48325085639953613
319,6,31,16,4,2,1,1,0.7426620721817017,0.7426620721817017
319,7,31,16,4,1,3,2,0.6505147814750671,0.0547373965382576
319,8,32,16,4,3,0,0,0.9298803806304932,0.9298803806304932
319,9,32,16,4,0,3,3,0.604756772518158,0.604756772518158
319,10,33,16,4,3,0,0,0.9984536170959473,0.9984536170959473
319,11,26,16,4,0,0,0,0.8647395968437195,0.8647395968437195
319,12,26,16,4,0,1,1,0.6712139248847961,0.6712139248847961
319,13,25,16,4,1,0,0,0.9984217882156372,0.9984217882156372
319,14,18,16,4,0,1,0,0.5956785678863525,0.3978464603424072
319,15,18,16,4,1,0,0,0.992664098739624,0.992664098739624
319,16,18,16,4,0,2,1,0.8704338669776917,0.00873733963817358
319,17,25,16,4,2,1,1,0.7875828742980957,0.7875828742980957
319,18,25,16,4,1,0,1,0.4147997498512268,0.33934149146080017
319,19,18,16,4,0,0,1,0.8001002669334412,0.07112640887498856
319,20,18,16,4,0,3,0,0.5924643278121948,0.24606944620609283
319,21,19,16,4,3,0,0,0.9769913554191589,0.9769913554191589
319,22,12,16,4,0,1,1,0.9019767045974731,0.9019767045974731
319,23,11,16,4,1,1,1,0.9496039748191833,0.9496039748191833
319,24,10,16,4,1,2,1,0.516704797744751,0.3804484009742737
319,25,17,16,4,2,1,1,0.8610566258430481,0.8610566258430481
323,0,19,31,4,5,1,0,0.6194985508918762,0.3361550271511078
323,1,18,31,4,1,1,2,0.9889145493507385,0.008288505487143993
323,2,18,31,4,1,2,2,0.8521794080734253,0.8521794080734253
323,3,25,31,4,2,1,1,0.7446828484535217,0.7446828484535217
323,4,25,31,4,1,2,2,0.8599795699119568,0.8599795699119568
323,5,25,31,4,2,3,0,0.7454379796981812,0.11091017723083496
323,6,26,31,4,3,2,2,0.7641870975494385,0.7641870975494385
323,7,33,31,4,2,1,1,0.9210608601570129,0.9210608601570129
323,8,32,31,4,1,2,1,0.9506200551986694,0.014291858300566673
323,9,32,31,4,2,3,1,0.5957732796669006,0.09223585575819016
323,10,33,31,4,3,2,2,0.5796182751655579,0.5796182751655579
323,11,40,31,4,2,1,1,0.8071141839027405,0.8071141839027405
323,12,39,31,4,1,1,2,0.9025086760520935,0.0908408984541893
323,13,39,31,4,1,2,2,0.6183905601501465,0.6183905601501465
323,14,46,31,4,2,1,1,0.9996590614318848,0.9996590614318848
323,15,45,31,4,1,0,0,0.7442165017127991,0.7442165017127991
323,16,38,31,4,0,0,0,0.9861700534820557,0.9861700534820557
327,0,3,7,4,5,1,2,0.9764695763587952,0.010267052799463272
327,1,2,7,4,1,2,2,0.9990725517272949,0.9990725517272949
327,2,9,7,4,2,1,1,0.6440802812576294,0.6440802812576294
327,3,8,7,4,1,1,0,0.9022791385650635,0.025087198242545128
327,4,8,7,4,1,0,2,0.5838636755943298,0.2613748013973236
327,5,1,7,4,0,1,1,0.736899197101593,0.736899197101593
327,6,1,7,4,1,2,2,0.9935179948806763,0.9935179948806763
327,7,8,7,4,2,2,2,0.730786919593811,0.730786919593811
327,8,15,7,4,2,1,1,0.9728043675422668,0.9728043675422668
327,9,14,7,4,1,0,0,0.9446179866790771,0.9446179866790771
331,0,28,39,4,5,3,3,0.6783481240272522,0.6783481240272522
331,1,29,39,4,3,3,2,0.8836014270782471,0.05014117807149887
331,2,30,39,4,3,3,2,0.6049135327339172,0.010486843064427376
331,3,30,39,4,3,2,0,0.7457250356674194,0.2474639117717743
331,4,30,39,4,2,0,0,0.8102535605430603,0.8102535605430603
331,5,23,39,4,0,3,3,0.9774245023727417,0.9774245023727417
331,6,23,39,4,3,0,2,0.6183410286903381,0.37817007303237915
331,7,16,39,4,0,3,3,0.9975125789642334,0.9975125789642334
331,8,17,39,4,3,2,2,0.9597106575965881,0.9597106575965881
331,9,17,39,4,2,3,3,0.9169173240661621,0.9169173240661621
331,10,17,39,4,3,0,0,0.6947848200798035,0.6947848200798035
331,11,10,39,4,0,3,3,0.9305812120437622,0.9305812120437622
331,12,11,39,4,3,2,2,0.9848530292510986,0.9848530292510986
331,13,11,39,4,2,3,3,0.9614518880844116,0.9614518880844116
331,14,12,39,4,3,2,2,0.9967660903930664,0.9967660903930664
331,15,19,39,4,2,2,2,0.8822640180587769,0.8822640180587769
331,16,19,39,4,2,3,3,0.8447619080543518,0.8447619080543518
331,17,19,39,4,3,0,1,0.7369967699050903,0.09735942631959915
331,18,12,39,4,0,3,1,0.6172142624855042,0.3170236051082611
331,19,13,39,4,3,2,2,0.9947056174278259,0.9947056174278259
331,20,13,39,4,2,2,2,0.8643986582756042,0.8643986582756042
331,21,13,39,4,2,1,1,0.8793892860412598,0.8793892860412598
331,22,12,39,4,1,2,2,0.9201558232307434,0.9201558232307434
331,23,19,39,4,2,2,1,0.5685950517654419,0.18685251474380493
331,24,19,39,4,2,1,1,0.7009269595146179,0.7009269595146179
331,25,18,39,4,1,2,2,0.9857339859008789,0.9857339859008789
331,26,25,39,4,2,2,2,0.9466134309768677,0.9466134309768677
331,27,25,39,4,2,1,1,0.6433354616165161,0.6433354616165161
331,28,25,39,4,1,3,2,0.8429026007652283,0.0045076035894453526
331,29,26,39,4,3,2,2,0.9921295046806335,0.9921295046806335
331,30,33,39,4,2,2,1,0.40379559993743896,0.38221943378448486
331,31,40,39,4,2,1,1,0.6592860817909241,0.6592860817909241
335,0,32,29,4,5,1,3,0.3537341058254242,0.18290670216083527
335,1,31,29,4,1,1,2,0.9490498304367065,0.013796363957226276
335,2,31,29,4,1,2,2,0.9099944233894348,0.9099944233894348
335,3,38,29,4,2,1,1,0.953932523727417,0.953932523727417
335,4,37,29,4,1,1,1,0.4916501045227051,0.4916501045227051
335,5,36,29,4,1,0,0,0.8639733791351318,0.8639733791351318
335,6,36,29,4,0,1,1,0.5126574039459229,0.5126574039459229
335,7,35,29,4,1,0,0,0.9986591339111328,0.9986591339111328
335,8,28,29,4,0,3,3,0.8307036757469177,0.8307036757469177
339,0,2,40,4,5,2,2,0.6877373456954956,0.6877373456954956
339,1,9,40,4,2,2,1,0.5103961229324341,0.42703551054000854
339,2,9,40,4,2,3,0,0.853447437286377,0.03171185031533241
339,3,9,40,4,3,1,0,0.8758770227432251,0.010083138011395931
339,4,8,40,4,1,2,2,0.957443118095398,0.957443118095398
339,5,15,40,4,2,3,2,0.645581066608429,0.2176857888698578
339,6,15,40,4,3,2,2,0.9591706395149231,0.9591706395149231
339,7,22,40,4,2,1,3,0.8870254755020142,0.002124452730640769
339,8,22,40,4,1,2,2,0.47556570172309875,0.47556570172309875
339,9,29,40,4,2,3,3,0.907584547996521,0.907584547996521
339,10,30,40,4,3,0,0,0.7554891109466553,0.7554891109466553
339,11,23,40,4,0,3,3,0.5051418542861938,0.5051418542861938
339,12,23,40,4,3,2,0,0.9979294538497925,0.001498624449595809
339,13,30,40,4,2,3,1,0.5622115731239319,0.30556538701057434
339,14,30,40,4,3,2,2,0.4943249821662903,0.4943249821662903
339,15,30,40,4,2,0,0,0.6400185823440552,0.6400185823440552
339,16,23,40,4,0,3,3,0.7878029942512512,0.7878029942512512
339,17,23,40,4,3,0,0,0.9810989499092102,0.9810989499092102
339,18,16,40,4,0,3,3,0.9860059022903442,0.9860059022903442
339,19,17,40,4,3,2,3,0.857305645942688,0.02911691553890705
339,20,17,40,4,2,3,3,0.9685685038566589,0.9685685038566589
339,21,17,40,4,3,0,0,0.8702142834663391,0.8702142834663391
339,22,10,40,4,0,3,3,0.9679728746414185,0.9679728746414185
339,23,11,40,4,3,2,2,0.8070011138916016,0.8070011138916016
339,24,11,40,4,2,3,3,0.9835914373397827,0.9835914373397827
339,25,12,40,4,3,2,2,0.9453123211860657,0.9453123211860657
339,26,19,40,4,2,2,2,0.5092092752456665,0.5092092752456665
339,27,19,40,4,2,3,1,0.9318282604217529,0.031497783958911896
339,28,19,40,4,3,1,0,0.5624753832817078,0.42210280895233154
339,29,18,40,4,1,2,2,0.8696252107620239,0.8696252107620239
339,30,25,40,4,2,3,1,0.5327953100204468,0.21710802614688873
339,31,26,40,4,3,2,2,0.8920996189117432,0.8920996189117432
339,32,33,40,4,2,2,2,0.4267520010471344,0.4267520010471344
343,0,33,21,4,5,1,1,0.8661442399024963,0.8661442399024963
343,1,32,21,4,1,0,1,0.9311485886573792,0.021289560943841934
343,2,32,21,4,0,1,1,0.7972884178161621,0.7972884178161621
343,3,31,21,4,1,1,0,0.9563934206962585,0.021098755300045013
343,4,31,21,4,1,0,0,0.8260405659675598,0.8260405659675598
343,5,24,21,4,0,1,1,0.6441869735717773,0.6441869735717773
343,6,24,21,4,1,0,0,0.7081841230392456,0.7081841230392456
343,7,24,21,4,0,3,1,0.7270217537879944,0.008046709932386875
343,8,24,21,4,3,2,0,0.6229879856109619,0.34042221307754517
343,9,31,21,4,2,1,1,0.7769858241081238,0.7769858241081238
343,10,31,21,4,1,2,2,0.6887660622596741,0.6887660622596741
343,11,38,21,4,2,1,1,0.9698171615600586,0.9698171615600586
343,12,37,21,4,1,1,0,0.9786401987075806,0.01875288411974907
343,13,36,21,4,1,0,0,0.5366040468215942,0.5366040468215942
343,14,36,21,4,0,1,1,0.9045010805130005,0.9045010805130005
343,15,35,21,4,1,0,0,0.9993044137954712,0.9993044137954712
343,16,28,21,4,0,3,0,0.8706987500190735,0.12456759810447693
343,17,29,21,4,3,0,0,0.9942209720611572,0.9942209720611572
343,18,22,21,4,0,1,1,0.7947697043418884,0.7947697043418884
343,19,22,21,4,1,1,0,0.970695436000824,0.001517242519184947
343,20,22,21,4,1,2,2,0.654102623462677,0.654102623462677
343,21,29,21,4,2,1,1,0.9138970375061035,0.9138970375061035
343,22,28,21,4,1,0,2,0.981464684009552,0.004889538511633873
343,23,28,21,4,0,3,0,0.45218613743782043,0.25722166895866394
343,24,29,21,4,3,0,0,0.9809905290603638,0.9809905290603638
343,25,22,21,4,0,0,1,0.8816042542457581,0.10500246286392212
343,26,15,21,4,0,1,1,0.9912871718406677,0.9912871718406677
343,27,14,21,4,1,2,2,0.9924214482307434,0.9924214482307434
347,0,10,31,4,5,2,2,0.8481824994087219,0.8481824994087219
347,1,17,31,4,2,2,1,0.5895535945892334,0.2222263365983963
347,2,17,31,4,2,3,1,0.8581137657165527,0.021578243002295494
347,3,17,31,4,3,1,2,0.9543793797492981,0.015211864374577999
347,4,16,31,4,1,2,2,0.9613586664199829,0.9613586664199829
347,5,23,31,4,2,3,1,0.45580798387527466,0.2816356420516968
347,6,23,31,4,3,2,2,0.9996203184127808,0.9996203184127808
347,7,30,31,4,2,3,3,0.7761814594268799,0.7761814594268799
347,8,30,31,4,3,2,2,0.9165935516357422,0.9165935516357422
347,9,30,31,4,2,1,1,0.6420493125915527,0.6420493125915527
347,10,29,31,4,1,2,2,0.9818129539489746,0.9818129539489746
347,11,29,31,4,2,1,1,0.954502522945404,0.954502522945404
347,12,28,31,4,1,2,2,0.9999390840530396,0.9999390840530396
347,13,35,31,4,2,3,3,0.9922663569450378,0.9922663569450378
347,14,36,31,4,3,3,3,0.965552568435669,0.965552568435669
347,15,37,31,4,3,3,3,0.7645850777626038,0.7645850777626038
347,16,38,31,4,3,0,0,0.7287060022354126,0.7287060022354126
