epoch,train_loss,train_behavior_loss,train_illegal_loss,train_accuracy,train_steps,rollout_constraint_loss,rollout_constraint_steps,rollout_prevented_illegal_rate,rollout_constraint_revisit_rate,rollout_recovery_targets,val_loss,val_behavior_loss,val_illegal_loss,val_accuracy,val_steps,rollout_score,trial_weighted_rollout_score,reached_goal_rate,mean_excess_steps,mean_hit_rate,mean_revisit_rate,mean_efficiency,task1_rollout_score,task1_reached_goal_rate,task1_mean_hit_rate,task1_mean_excess_steps,task2_rollout_score,task2_reached_goal_rate,task2_mean_hit_rate,task2_mean_excess_steps,task3_rollout_score,task3_reached_goal_rate,task3_mean_hit_rate,task3_mean_excess_steps,task4_rollout_score,task4_reached_goal_rate,task4_mean_hit_rate,task4_mean_excess_steps,selection_metric,selection_value
1,1.19477,1.188005,0.338267,0.476784,4329,0.490678,760,0.289474,0.336842,570,1.06274,1.056294,0.322299,0.564356,1313,0.743878,0.742832,0.565256,24.845449,0.0,0.293778,0.47624,1.464621,0.75,0.0,18.666667,-0.141641,0.307692,0.0,32.538462,0.887747,0.583333,0.0,21.916667,0.764786,0.62,0.0,26.26,rollout_score,0.743878
2,1.032064,1.026524,0.277031,0.574498,4329,0.487504,551,0.197822,0.201452,341,0.962445,0.956662,0.289163,0.612338,1313,1.432182,1.364535,0.738077,17.790897,0.0,0.194476,0.567546,2.363167,0.916667,0.0,7.416667,1.10964,0.692308,0.0,22.076923,0.97013,0.583333,0.0,20.75,1.285793,0.76,0.0,20.92,rollout_score,1.432182
3,0.948248,0.943284,0.248185,0.623701,4329,0.513434,574,0.184669,0.25784,343,0.911536,0.906138,0.269926,0.629094,1313,1.588643,1.475623,0.755513,15.812564,0.0,0.177814,0.62312,2.788002,1.0,0.0,3.5,0.810109,0.615385,0.0,25.076923,1.406087,0.666667,0.0,15.333333,1.350375,0.74,0.0,19.34,rollout_score,1.588643
4,0.887054,0.882282,0.238633,0.644722,4329,0.509664,502,0.177291,0.233068,294,0.881938,0.876924,0.250727,0.648896,1313,1.717185,1.623147,0.778141,13.978526,0.0,0.152838,0.641394,2.203341,0.833333,0.0,7.583333,1.467164,0.769231,0.0,18.230769,1.689767,0.75,0.0,12.5,1.508467,0.76,0.0,17.6,rollout_score,1.717185
5,0.808875,0.804184,0.234577,0.686302,4329,0.455502,448,0.158482,0.225446,233,0.881606,0.876757,0.242454,0.661081,1313,1.793306,1.491393,0.812436,13.533397,0.0,0.160144,0.638494,2.524897,0.916667,0.0,4.583333,1.932117,0.923077,0.0,14.076923,1.61778,0.75,0.0,13.833333,1.098431,0.66,0.0,21.64,rollout_score,1.793306
6,0.722732,0.718102,0.231479,0.725572,4329,0.494882,415,0.13012,0.207229,213,0.897668,0.892912,0.23783,0.654989,1313,1.782292,1.573277,0.806603,13.378846,0.0,0.16972,0.63834,2.598897,0.916667,0.0,3.75,2.040344,0.923077,0.0,11.615385,1.19296,0.666667,0.0,18.75,1.296968,0.72,0.0,19.4,rollout_score,1.782292
7,0.632588,0.627972,0.230755,0.760684,4329,0.589384,544,0.137868,0.270221,296,0.977232,0.972306,0.24633,0.63671,1313,1.86179,1.610606,0.832436,12.659359,0.0,0.190408,0.652862,2.851566,1.0,0.0,1.666667,1.997356,0.923077,0.0,12.230769,1.315093,0.666667,0.0,16.5,1.283144,0.74,0.0,20.24,rollout_score,1.86179
8,0.547174,0.542459,0.235749,0.798106,4329,0.565449,558,0.145161,0.293907,298,1.023748,1.018855,0.244646,0.635187,1313,1.945554,1.69837,0.853269,11.88609,0.0,0.15494,0.657574,2.879444,1.0,0.0,1.166667,1.96246,0.923077,0.0,13.307692,1.561123,0.75,0.0,14.75,1.379188,0.74,0.0,18.32,rollout_score,1.945554
9,0.466664,0.461868,0.239816,0.828598,4329,0.659399,498,0.110442,0.204819,228,1.080356,1.075661,0.234726,0.648134,1313,1.897294,1.542525,0.8575,12.599679,0.0,0.165151,0.626345,2.115024,0.833333,0.0,8.75,2.363828,1.0,0.0,8.615385,2.037541,0.916667,0.0,10.833333,1.072782,0.68,0.0,22.2,rollout_score,1.897294
10,0.379303,0.374496,0.240368,0.859552,4329,0.565841,452,0.223451,0.274336,206,1.149333,1.144543,0.239458,0.654227,1313,2.022236,1.639041,0.888333,11.415,0.0,0.15213,0.648872,2.84127,1.0,0.0,1.5,2.209965,1.0,0.0,10.0,1.897728,0.833333,0.0,11.5,1.139982,0.72,0.0,22.66,rollout_score,2.022236
11,0.306114,0.30124,0.243683,0.893509,4329,0.766354,462,0.168831,0.222944,213,1.211273,1.206236,0.251879,0.65575,1313,1.622746,1.397069,0.766346,15.1775,0.0,0.198701,0.624859,2.879444,1.0,0.0,1.166667,0.902719,0.615385,0.0,23.0,1.583808,0.75,0.0,14.583333,1.125012,0.7,0.0,21.96,rollout_score,1.622746
12,0.258026,0.253018,0.250356,0.911065,4329,0.717263,388,0.110825,0.185567,172,1.29592,1.290961,0.247952,0.633663,1313,1.676783,1.4057,0.822436,15.479423,0.0,0.230448,0.588473,2.378722,0.916667,0.0,7.0,1.748049,0.923077,0.0,16.307692,1.526093,0.75,0.0,15.25,1.054269,0.7,0.0,23.36,rollout_score,1.676783
13,0.208796,0.203787,0.250459,0.931624,4329,0.774622,504,0.109127,0.238095,226,1.361329,1.356635,0.234712,0.637471,1313,2.389987,2.133028,0.965,7.262949,0.0,0.116153,0.724337,2.896825,1.0,0.0,0.833333,2.404802,1.0,0.0,7.538462,2.457026,1.0,0.0,7.0,1.801296,0.86,0.0,13.68,rollout_score,2.389987
14,0.157499,0.152413,0.254307,0.948487,4329,1.128238,455,0.098901,0.235165,237,1.414179,1.409511,0.233355,0.644326,1313,2.086671,1.811516,0.889103,10.517628,0.0,0.152864,0.68514,2.896825,1.0,0.0,0.833333,2.10552,0.923077,0.0,11.153846,1.888124,0.833333,0.0,11.583333,1.456215,0.8,0.0,18.5,rollout_score,2.086671
15,0.120894,0.115784,0.255476,0.964657,4329,0.78474,438,0.127854,0.262557,220,1.502788,1.49815,0.231931,0.638233,1313,1.932143,1.631491,0.854872,12.255833,0.0,0.188653,0.665536,2.896825,1.0,0.0,0.833333,1.893212,0.846154,0.0,12.0,1.693704,0.833333,0.0,15.25,1.244832,0.74,0.0,20.94,rollout_score,1.932143
16,0.096056,0.090895,0.258048,0.975514,4329,0.947813,453,0.13245,0.196468,225,1.535895,1.531323,0.228603,0.64128,1313,1.943323,1.702615,0.861667,12.323269,0.0,0.177568,0.660714,2.869444,1.0,0.0,1.333333,2.44429,1.0,0.0,6.923077,1.08051,0.666667,0.0,21.416667,1.379045,0.78,0.0,19.62,rollout_score,1.943323
17,0.073068,0.067907,0.258069,0.982213,4329,0.875929,447,0.073826,0.181208,186,1.606743,1.602141,0.230102,0.634425,1313,2.082451,1.880286,0.8975,10.864423,0.0,0.154826,0.675314,2.467,0.916667,0.0,5.5,2.376449,1.0,0.0,8.307692,1.874492,0.833333,0.0,12.25,1.611863,0.84,0.0,17.4,rollout_score,2.082451
18,0.062984,0.057795,0.259416,0.985909,4329,0.928669,429,0.090909,0.142191,182,1.631189,1.626764,0.221244,0.635948,1313,2.00228,1.822132,0.871667,11.53359,0.0,0.141837,0.661689,2.896825,1.0,0.0,0.833333,2.270253,1.0,0.0,10.307692,1.259256,0.666667,0.0,17.833333,1.582785,0.82,0.0,17.16,rollout_score,2.00228
19,0.055979,0.050813,0.258323,0.987295,4329,1.160565,465,0.137634,0.176344,242,1.647509,1.642965,0.227222,0.644326,1313,2.047483,1.946564,0.883269,10.5625,0.0,0.155789,0.660135,2.896825,1.0,0.0,0.833333,2.041769,0.923077,0.0,11.0,1.434756,0.75,0.0,16.416667,1.816582,0.86,0.0,14.0,rollout_score,2.047483
20,0.046957,0.041762,0.259713,0.991222,4329,1.017962,434,0.142857,0.246544,214,1.666332,1.661843,0.224433,0.646611,1313,1.900414,1.874467,0.862436,12.925128,0.0,0.162629,0.628347,2.896825,1.0,0.0,0.833333,1.848884,0.923077,0.0,15.153846,1.013578,0.666667,0.0,22.333333,1.842366,0.86,0.0,13.38,rollout_score,1.900414
