subid,batch,maze,n_trials,mean_n_action,mean_n_hit,mean_hit_rate,mean_shortest_steps,mean_excess_steps,mean_path_efficiency,reached_goal_rate,optimal_by_length_rate,clean_optimal_rate,exact_short_path_rate,mean_total_rt,mean_rt,mean_first_rt,mean_rt_after_first
1351715250,2,1,200,11.765,0.99,0.068217,7.715,4.05,0.744059,1.0,0.27,0.27,0.27,8.118925,0.729077,2.86498,0.469206
1783603105,3,2,351,10.794872,1.91453,0.123431,6.401709,4.393162,0.71474,1.0,0.299145,0.299145,0.299145,8.31661,0.813756,3.679165,0.488172
13008956751,3,2,351,8.672365,0.774929,0.067718,6.239316,2.433048,0.806894,1.0,0.470085,0.470085,0.470085,8.482439,1.015716,3.104425,0.648759
13012045950,3,2,382,11.557592,2.094241,0.1395,6.353403,5.204188,0.656217,1.0,0.193717,0.193717,0.193717,15.107665,1.362399,5.362919,0.893952
13015195273,1,1,351,16.074074,4.159544,0.193044,7.811966,8.262108,0.614837,1.0,0.185185,0.185185,0.185185,9.500299,0.65384,2.130128,0.521333
13024201976,2,1,351,9.019943,0.339031,0.027929,7.843305,1.176638,0.913213,1.0,0.669516,0.669516,0.669516,20.39347,2.202916,12.26994,0.936657
13051262907,3,2,351,11.868946,2.60114,0.16554,6.435897,5.433048,0.655103,1.0,0.216524,0.216524,0.216524,6.54035,0.605054,1.794729,0.456828
13074255915,3,2,351,12.116809,2.82906,0.179044,6.490028,5.626781,0.65371,1.0,0.207977,0.207977,0.207977,7.033048,0.630708,1.938943,0.469462
13083889215,3,2,351,11.729345,2.475783,0.151051,6.450142,5.279202,0.676669,1.0,0.293447,0.293447,0.293447,9.482063,0.890049,2.605011,0.66602
13130819298,2,1,351,15.239316,3.507123,0.173222,7.606838,7.632479,0.637375,1.0,0.233618,0.233618,0.233618,12.876142,0.928922,5.286162,0.566217
13153447497,1,1,351,15.851852,4.159544,0.201403,7.646724,8.205128,0.607771,1.0,0.150997,0.150997,0.150997,9.727308,0.657229,3.430385,0.429103
13230980084,1,1,201,14.164179,2.442786,0.11886,7.492537,6.671642,0.640786,1.0,0.19403,0.19403,0.19403,7.837692,0.652062,2.394363,0.44067
13237095213,3,2,351,12.319088,3.025641,0.174833,6.307692,6.011396,0.64873,1.0,0.239316,0.239316,0.239316,13.665071,1.229135,6.402741,0.618373
13247876723,1,1,351,15.968661,4.253561,0.198678,7.749288,8.219373,0.61495,1.0,0.207977,0.207977,0.207977,7.784168,0.519926,1.205615,0.463518
13262500410,2,1,351,15.39886,3.985755,0.193915,7.823362,7.575499,0.628739,1.0,0.193732,0.193732,0.193732,8.947513,0.679973,1.972835,0.534399
13283924746,3,2,351,14.746439,3.492877,0.168713,6.301994,8.444444,0.607639,1.0,0.222222,0.222222,0.222222,12.727316,0.982929,3.693761,0.696717
13354678652,1,1,351,10.415954,0.732194,0.060799,7.763533,2.652422,0.814618,1.0,0.393162,0.393162,0.393162,8.275322,0.834118,2.84484,0.566246
13355919137,3,2,351,11.792023,2.193732,0.146426,6.464387,5.327635,0.659911,1.0,0.239316,0.239316,0.239316,8.601789,0.81197,4.227524,0.406018
13375878027,3,2,351,10.139601,1.358974,0.101744,6.54416,3.595442,0.743739,0.997151,0.31339,0.31339,0.31339,9.852513,0.98753,2.907473,0.722532
13393414512,1,1,351,15.80057,3.712251,0.173931,7.706553,8.094017,0.629448,1.0,0.207977,0.207977,0.207977,15.308593,1.132331,7.839519,0.54572
13401917913,3,2,351,12.076923,2.592593,0.163862,6.458689,5.618234,0.662267,1.0,0.22792,0.22792,0.22792,15.603194,1.344621,3.734852,1.06152
13413208039,1,1,351,15.173789,3.811966,0.190869,7.709402,7.464387,0.626474,1.0,0.173789,0.173789,0.173789,5.974524,0.424773,1.02835,0.363581
13465105001,2,1,351,15.903134,3.777778,0.186704,7.851852,8.051282,0.605537,1.0,0.182336,0.182336,0.182336,9.153097,0.636966,2.801217,0.444082
13504397063,1,1,350,17.545714,5.262857,0.210969,7.597143,9.948571,0.600421,1.0,0.225714,0.225714,0.225714,14.895594,0.818968,3.550651,0.60565
13513580369,1,1,351,11.880342,1.595442,0.093626,7.840456,4.039886,0.761293,1.0,0.364672,0.364672,0.364672,8.406393,0.749243,3.428533,0.462362
13630678332,3,2,201,11.228856,1.925373,0.13232,6.328358,4.900498,0.658755,1.0,0.21393,0.21393,0.21393,6.270761,0.568488,1.07199,0.487426
13670356740,2,1,351,13.712251,2.205128,0.122123,7.706553,6.005698,0.66505,1.0,0.205128,0.205128,0.205128,8.863228,0.670236,2.123701,0.528547
13673028967,1,1,351,15.48433,4.447293,0.217183,7.441595,8.042735,0.622372,1.0,0.182336,0.182336,0.182336,6.97467,0.46913,2.165627,0.338416
13690717864,3,2,351,10.438746,1.367521,0.086326,6.37037,4.068376,0.73769,1.0,0.34188,0.34188,0.34188,9.415259,0.937968,3.232145,0.60302
13725999387,2,1,351,16.316239,4.310541,0.192666,7.606838,8.709402,0.631608,1.0,0.19943,0.19943,0.19943,10.30643,0.727142,2.814416,0.450745
13860804178,3,2,351,12.210826,2.60114,0.157858,6.356125,5.854701,0.650164,1.0,0.250712,0.250712,0.250712,9.215858,0.818188,1.938732,0.673727
13862233728,3,2,350,9.942857,2.022857,0.152924,6.034286,3.908571,0.707494,1.0,0.274286,0.274286,0.274286,6.243754,0.66391,2.188377,0.474624
13868477929,3,2,351,9.584046,1.592593,0.119483,6.002849,3.581197,0.738984,1.0,0.344729,0.344729,0.344729,10.825707,1.213957,5.383393,0.671598
13884362551,3,2,351,10.125356,1.735043,0.129225,6.344729,3.780627,0.729919,1.0,0.310541,0.310541,0.310541,8.224043,0.869322,2.97243,0.58071
13895189761,3,2,351,10.680912,2.31339,0.164719,6.304843,4.376068,0.695306,1.0,0.282051,0.282051,0.282051,7.545185,0.761728,2.75161,0.520166
13896953411,3,2,351,10.638177,2.11396,0.145474,6.381766,4.25641,0.714396,1.0,0.296296,0.296296,0.296296,10.226803,1.02455,2.756632,0.784529
13914477407,1,1,351,15.230769,3.809117,0.18171,7.678063,7.552707,0.640919,1.0,0.210826,0.210826,0.210826,9.885031,0.700246,3.689709,0.461034
13932780308,1,1,202,12.153465,1.960396,0.103884,7.331683,4.821782,0.736318,1.0,0.371287,0.371287,0.371287,7.565683,0.657551,2.766827,0.448626
13943039298,3,2,351,11.917379,2.638177,0.16629,6.566952,5.350427,0.669022,1.0,0.242165,0.242165,0.242165,7.666715,0.752295,2.423174,0.507575
13970002797,2,1,351,10.472934,1.156695,0.091568,7.675214,2.797721,0.797558,1.0,0.307692,0.307692,0.307692,5.507091,0.549533,1.588926,0.413033
13979326545,1,1,351,14.45584,3.128205,0.151353,7.595442,6.860399,0.68506,1.0,0.247863,0.247863,0.247863,14.104541,1.191628,5.672801,0.648853
13982808528,3,2,351,7.871795,0.387464,0.032738,6.264957,1.606838,0.864019,1.0,0.581197,0.581197,0.581197,15.884467,1.980937,8.302157,0.990606
15007963507,3,2,351,13.065527,3.307692,0.195752,6.287749,6.777778,0.609862,1.0,0.188034,0.188034,0.188034,8.665821,0.712744,3.832704,0.431366
15022655023,3,2,349,11.383954,2.389685,0.167399,6.335244,5.048711,0.654876,1.0,0.209169,0.209169,0.209169,7.696481,0.710522,2.063415,0.545788
15057496033,2,1,380,11.118421,0.744737,0.046701,7.784211,3.334211,0.794378,1.0,0.407895,0.407895,0.407895,9.340153,0.854722,2.972455,0.580826
15068447764,2,1,351,13.740741,2.071225,0.121548,7.874644,5.866097,0.700879,1.0,0.210826,0.210826,0.210826,8.994425,0.760186,3.169644,0.432858
15079495784,2,1,351,17.31339,4.837607,0.212343,7.478632,9.834758,0.587378,1.0,0.150997,0.150997,0.150997,11.501915,0.744275,5.237239,0.388337
15082406118,1,1,361,14.362881,3.484765,0.196538,7.836565,6.526316,0.651981,1.0,0.157895,0.157895,0.157895,8.646698,0.6577,2.200238,0.506606
15158707310,3,2,351,12.974359,3.051282,0.173359,6.327635,6.646724,0.635915,1.0,0.222222,0.222222,0.222222,7.789464,0.635218,1.557285,0.521708
15159967392,1,1,351,14.387464,2.920228,0.160998,7.877493,6.509972,0.654781,1.0,0.19943,0.19943,0.19943,13.736194,1.028492,7.072439,0.482534
15165929133,3,2,351,11.7151,2.683761,0.167139,6.153846,5.561254,0.668797,1.0,0.259259,0.259259,0.259259,6.303467,0.581596,1.294493,0.476044
15167050060,3,2,351,11.948718,2.80057,0.18712,6.105413,5.843305,0.622112,1.0,0.182336,0.182336,0.182336,9.022929,0.761356,3.439852,0.502386
15174880230,1,1,372,16.172043,4.456989,0.209099,7.876344,8.295699,0.60844,1.0,0.155914,0.155914,0.155914,10.152129,0.690579,1.920132,0.577065
15237372325,1,1,351,14.222222,2.74359,0.144867,7.809117,6.413105,0.667202,1.0,0.202279,0.202279,0.202279,7.418735,0.534969,1.452393,0.450329
15255858244,1,1,351,17.575499,4.91453,0.225142,7.732194,9.843305,0.566982,1.0,0.082621,0.082621,0.082621,13.73461,0.864888,5.109593,0.533689
15258104730,1,1,350,16.4,4.391429,0.192397,7.648571,8.751429,0.627811,1.0,0.22,0.22,0.22,8.01922,0.545843,1.1816,0.478262
15260233525,1,1,353,10.773371,0.810198,0.052165,7.430595,3.342776,0.788822,1.0,0.407932,0.407932,0.407932,12.847295,1.228404,4.484034,0.81117
15268085725,3,2,351,12.868946,3.287749,0.207357,6.373219,6.495726,0.613007,1.0,0.168091,0.168091,0.168091,7.920852,0.660354,3.033658,0.418803
15333051582,2,1,351,13.803419,3.094017,0.162762,7.598291,6.205128,0.68298,1.0,0.262108,0.262108,0.262108,9.445641,0.75278,2.082402,0.617042
15366611418,1,1,351,16.116809,4.279202,0.203236,7.905983,8.210826,0.604166,1.0,0.162393,0.162393,0.162393,7.903356,0.549973,1.481681,0.467956
15385441183,3,2,351,9.880342,1.287749,0.086675,6.381766,3.498575,0.774792,1.0,0.42735,0.42735,0.42735,6.846037,0.746931,2.666459,0.469815
15504667032,2,1,351,9.618234,0.324786,0.02806,7.863248,1.754986,0.867799,1.0,0.555556,0.555556,0.555556,8.927459,0.927169,4.45206,0.505026
15524517315,1,1,351,14.424501,3.048433,0.153739,7.609687,6.814815,0.670023,1.0,0.242165,0.242165,0.242165,8.553786,0.641086,2.457496,0.451275
15542094621,1,1,309,15.504854,3.514563,0.162656,7.459547,8.045307,0.62111,1.0,0.18123,0.18123,0.18123,8.493362,0.591794,1.393453,0.509005
15551598030,1,1,377,12.02122,1.612732,0.11125,7.840849,4.180371,0.731798,1.0,0.222812,0.222812,0.222812,8.686706,0.786118,3.804178,0.437671
15554019990,1,1,351,10.461538,1.014245,0.069771,7.618234,2.843305,0.819652,1.0,0.45584,0.45584,0.45584,7.337393,0.741043,2.902504,0.468931
15604221997,3,2,351,11.547009,2.62963,0.170126,6.273504,5.273504,0.670625,1.0,0.250712,0.250712,0.250712,7.571912,0.724576,2.00184,0.545109
15626519548,3,2,351,12.168091,2.925926,0.186563,6.381766,5.786325,0.637246,1.0,0.17094,0.17094,0.17094,8.247234,0.701525,2.752274,0.508885
15628625790,3,2,351,11.626781,2.626781,0.171778,6.287749,5.339031,0.656375,1.0,0.207977,0.207977,0.207977,8.115339,0.760074,3.16196,0.483604
15639222703,3,2,386,8.378238,0.834197,0.074865,6.259067,2.119171,0.816385,1.0,0.440415,0.440415,0.440415,9.629578,1.248739,4.458329,0.704621
15661502139,1,1,349,16.91404,4.386819,0.192115,7.604585,9.309456,0.593753,1.0,0.194842,0.194842,0.194842,13.949971,0.906518,3.534129,0.686187
15675230983,3,2,351,12.273504,2.891738,0.17734,6.413105,5.860399,0.653434,1.0,0.250712,0.250712,0.250712,6.515222,0.598153,1.630863,0.463665
15677243724,1,1,351,14.131054,2.837607,0.133633,7.7151,6.415954,0.696805,1.0,0.276353,0.276353,0.276353,10.546034,0.832111,2.453738,0.634498
15685750825,3,2,338,11.464497,2.662722,0.180299,6.33432,5.130178,0.661528,1.0,0.207101,0.207101,0.207101,7.978994,0.751773,2.311175,0.552087
15732156390,3,2,358,11.377095,2.620112,0.177595,6.114525,5.26257,0.656975,1.0,0.23743,0.23743,0.23743,8.058944,0.76536,2.226472,0.561722
15735414945,1,1,350,16.294286,4.2,0.193467,7.642857,8.651429,0.614267,1.0,0.171429,0.171429,0.171429,9.907966,0.661623,1.808571,0.532445
15737083065,3,2,351,11.655271,2.752137,0.181718,6.424501,5.230769,0.656634,1.0,0.213675,0.213675,0.213675,7.492259,0.703763,2.704977,0.47258
15762345647,1,1,395,12.41519,1.843038,0.101623,7.837975,4.577215,0.732565,1.0,0.301266,0.301266,0.301266,9.554772,0.872992,3.918506,0.491104
15762883166,1,1,385,17.109091,4.337662,0.181429,7.78961,9.319481,0.617613,1.0,0.192208,0.192208,0.192208,10.683525,0.670101,2.568774,0.515735
15797725211,2,1,351,17.603989,4.660969,0.205818,7.672365,9.931624,0.586029,1.0,0.148148,0.148148,0.148148,10.028254,0.631286,1.77259,0.520568
15803840198,1,1,351,10.438746,0.732194,0.051295,7.849003,2.589744,0.827812,1.0,0.447293,0.447293,0.447293,12.259934,1.250341,5.202564,0.711693
15813407784,3,2,351,11.814815,2.62963,0.188333,6.48433,5.330484,0.627107,1.0,0.133903,0.133903,0.133903,5.511459,0.50579,2.084094,0.328494
15863380723,1,1,400,11.5375,1.585,0.088205,7.5875,3.95,0.775332,1.0,0.3975,0.3975,0.3975,10.392622,0.873289,2.55731,0.647214
15877095878,2,1,377,18.901857,5.657825,0.22112,7.854111,11.047745,0.577303,1.0,0.145889,0.145889,0.145889,14.666671,0.904528,4.369276,0.61508
15894893738,2,1,351,15.062678,3.401709,0.165259,7.928775,7.133903,0.658244,1.0,0.236467,0.236467,0.236467,7.068396,0.523786,1.397749,0.426876
15906778481,3,2,351,12.603989,2.854701,0.172477,6.45584,6.148148,0.621564,1.0,0.168091,0.168091,0.168091,10.203652,0.876633,3.419051,0.590166
15924439878,3,2,419,10.98568,2.023866,0.144332,6.365155,4.620525,0.677578,1.0,0.231504,0.231504,0.231504,7.548098,0.725981,2.171998,0.550691
15928219905,1,1,351,11.877493,1.541311,0.090481,7.584046,4.293447,0.758133,1.0,0.336182,0.336182,0.336182,10.614664,1.003484,4.504402,0.568636
15953006339,2,1,393,17.987277,5.541985,0.222871,7.956743,10.030534,0.593105,1.0,0.19084,0.19084,0.19084,18.416285,1.038878,7.586313,0.537544
15967121995,1,1,351,16.22792,4.022792,0.188336,7.68661,8.541311,0.623131,1.0,0.219373,0.219373,0.219373,9.181709,0.617077,1.818217,0.498809
15979039682,1,1,411,13.851582,3.099757,0.167894,7.754258,6.097324,0.667858,1.0,0.238443,0.238443,0.238443,13.909224,1.203474,8.420234,0.43269
15984320867,2,1,349,14.320917,2.358166,0.10532,7.773639,6.547278,0.713026,1.0,0.292264,0.292264,0.292264,13.922602,1.079472,4.063246,0.73261
15989198298,1,1,351,13.188034,2.307692,0.128417,7.752137,5.435897,0.699186,1.0,0.276353,0.276353,0.276353,7.036151,0.575462,1.866897,0.445185
15993580892,1,1,356,12.449438,1.831461,0.108296,7.657303,4.792135,0.723467,1.0,0.261236,0.261236,0.261236,6.734565,0.585296,1.709952,0.447423
16630722126,3,2,393,11.875318,2.562341,0.15948,6.458015,5.417303,0.657119,1.0,0.24173,0.24173,0.24173,7.360344,0.666657,1.818127,0.524369
16639235215,1,1,201,14.318408,2.800995,0.121776,7.557214,6.761194,0.68983,1.0,0.303483,0.303483,0.303483,6.683915,0.524044,1.155413,0.444201
16726368276,3,2,351,10.57265,1.797721,0.128831,6.421652,4.150997,0.713423,1.0,0.287749,0.287749,0.287749,7.365795,0.747334,2.782638,0.432914
17325080750,1,1,346,12.638728,1.852601,0.089273,7.682081,4.956647,0.737392,1.0,0.312139,0.312139,0.312139,19.196052,1.783161,8.279997,0.931367
17331496902,3,2,351,9.262108,0.720798,0.054681,6.296296,2.965812,0.771212,1.0,0.364672,0.364672,0.364672,18.819615,2.194718,10.216057,0.969848
17363160545,3,2,351,10.14245,1.552707,0.101206,6.373219,3.769231,0.747543,1.0,0.356125,0.356125,0.356125,12.048761,1.32709,5.441484,0.702128
17383842895,2,1,200,15.405,3.005,0.098699,7.73,7.675,0.692574,1.0,0.33,0.33,0.33,11.17338,0.79321,1.543435,0.696783
17527328008,3,2,351,10.991453,1.364672,0.086124,6.430199,4.561254,0.739685,1.0,0.356125,0.356125,0.356125,8.745393,0.79188,2.279587,0.559485
17539296395,3,2,351,11.116809,2.165242,0.155416,6.37037,4.746439,0.678092,1.0,0.230769,0.230769,0.230769,6.105974,0.590829,1.40933,0.483988
17564008967,1,1,201,13.18408,2.348259,0.097899,7.522388,5.661692,0.72515,1.0,0.353234,0.353234,0.353234,8.215701,0.697013,1.588294,0.590786
17623708813,1,1,351,19.860399,5.974359,0.210803,7.7151,12.145299,0.583146,1.0,0.173789,0.173789,0.173789,14.39996,0.762071,2.557302,0.603659
17658298281,1,1,416,16.548077,4.338942,0.206881,7.709135,8.838942,0.577564,1.0,0.122596,0.122596,0.122596,14.164577,0.863923,5.55625,0.488157
17713196465,1,1,351,14.529915,3.501425,0.182347,7.592593,6.937322,0.655806,1.0,0.22792,0.22792,0.22792,9.940182,0.75085,2.182672,0.600307
17731093916,3,2,351,9.492877,1.259259,0.099634,6.37037,3.122507,0.764932,1.0,0.356125,0.356125,0.356125,9.358476,1.00552,3.116954,0.698143
17807329663,1,1,351,15.689459,4.065527,0.202717,7.698006,7.991453,0.617215,1.0,0.176638,0.176638,0.176638,10.150712,0.695095,1.732211,0.603115
17816536901,1,1,351,11.045584,0.982906,0.060005,7.851852,3.193732,0.810194,1.0,0.430199,0.430199,0.430199,9.97504,0.936491,3.412413,0.60476
17855007687,1,1,351,12.222222,1.424501,0.069065,7.760684,4.461538,0.757837,1.0,0.336182,0.336182,0.336182,15.281692,1.223095,5.61286,0.726644
17855830699,3,2,351,8.911681,0.940171,0.07094,6.39886,2.512821,0.810509,1.0,0.45584,0.45584,0.45584,8.028846,0.950006,3.148769,0.606373
17857583163,2,1,351,17.11396,4.706553,0.19627,7.461538,9.652422,0.604807,1.0,0.219373,0.219373,0.219373,15.97857,1.094792,6.608966,0.636134
17858990521,3,2,351,10.02849,1.22792,0.085468,6.424501,3.603989,0.758328,1.0,0.407407,0.407407,0.407407,16.916063,1.730441,5.194952,1.220632
17861900607,1,1,351,14.623932,2.920228,0.148115,7.925926,6.698006,0.668431,1.0,0.210826,0.210826,0.210826,11.396191,0.812841,4.238228,0.49101
17867964684,2,1,351,14.504274,2.968661,0.145026,7.854701,6.649573,0.670981,1.0,0.239316,0.239316,0.239316,11.269652,0.838015,3.227872,0.614796
17870688590,3,2,337,11.376855,2.397626,0.15591,6.362018,5.014837,0.670369,1.0,0.252226,0.252226,0.252226,9.409371,0.888249,4.288988,0.518281
18039860931,1,1,351,15.65812,4.316239,0.206948,7.757835,7.900285,0.624832,1.0,0.162393,0.162393,0.162393,10.075419,0.729201,3.345687,0.46283
18050650986,3,2,351,11.045584,2.193732,0.148616,6.310541,4.735043,0.689723,1.0,0.270655,0.270655,0.270655,8.289333,0.793713,1.800245,0.652606
18053307086,2,1,351,15.34188,3.866097,0.18665,7.7151,7.626781,0.630311,1.0,0.230769,0.230769,0.230769,7.600009,0.520154,1.314051,0.439248
18069197626,3,2,351,11.094017,2.464387,0.176487,6.339031,4.754986,0.676092,1.0,0.239316,0.239316,0.239316,5.476054,0.52649,1.167615,0.435879
18072335195,2,1,351,15.393162,3.330484,0.164753,7.65812,7.735043,0.636578,1.0,0.188034,0.188034,0.188034,12.769174,0.831999,2.466345,0.683423
18148006924,2,1,366,18.838798,5.538251,0.218429,7.655738,11.18306,0.580801,1.0,0.172131,0.172131,0.172131,11.80515,0.69647,4.362833,0.429009
18152184139,1,1,351,17.150997,4.581197,0.199551,7.817664,9.333333,0.604091,1.0,0.168091,0.168091,0.168091,10.734462,0.708634,3.208869,0.493462
18221989613,3,2,351,12.034188,2.509972,0.158029,6.390313,5.643875,0.663464,1.0,0.262108,0.262108,0.262108,6.606154,0.59634,1.414519,0.47683
18235971293,2,1,351,16.128205,4.358974,0.198467,7.683761,8.444444,0.628227,1.0,0.242165,0.242165,0.242165,7.571211,0.517457,1.088311,0.460986
18251588535,1,1,351,20.754986,5.512821,0.179302,7.663818,13.091168,0.565866,1.0,0.168091,0.168091,0.168091,13.744513,0.749598,3.25902,0.541079
18263188339,1,1,351,15.464387,3.7151,0.184847,7.680912,7.783476,0.615707,1.0,0.153846,0.153846,0.153846,9.621476,0.660461,2.436288,0.50987
18279784652,1,1,351,16.575499,4.62963,0.20993,7.478632,9.096866,0.593519,1.0,0.182336,0.182336,0.182336,8.19865,0.55865,1.311373,0.476188
18280916689,1,1,434,16.949309,3.914747,0.173682,7.794931,9.154378,0.597153,1.0,0.170507,0.170507,0.170507,9.570479,0.707042,3.13271,0.427857
18317816358,2,1,351,8.558405,0.128205,0.012481,7.603989,0.954416,0.925139,1.0,0.712251,0.712251,0.712251,12.244174,1.514521,5.827547,0.806347
18342820281,3,2,351,11.478632,2.584046,0.17262,6.096866,5.381766,0.635464,1.0,0.205128,0.205128,0.205128,5.74904,0.544972,1.501399,0.425127
18365196069,3,2,351,11.401709,2.404558,0.162102,6.39886,5.002849,0.670752,1.0,0.239316,0.239316,0.239316,6.891972,0.691198,1.923165,0.518386
18365921209,1,1,351,14.689459,3.361823,0.172857,7.618234,7.071225,0.645055,1.0,0.193732,0.193732,0.193732,11.20594,0.840776,4.778256,0.481709
18382558124,1,1,351,8.299145,0.222222,0.019466,7.31339,0.985755,0.917025,1.0,0.700855,0.700855,0.700855,15.172325,1.88961,8.055131,0.941764
18406334263,1,1,351,15.475783,4.188034,0.199324,7.732194,7.74359,0.635791,1.0,0.216524,0.216524,0.216524,9.403151,0.643983,1.685191,0.544652
18414093276,3,2,350,11.174286,2.342857,0.167226,6.414286,4.76,0.66545,1.0,0.205714,0.205714,0.205714,5.71628,0.555093,1.505451,0.430334
18437913321,3,2,351,11.22792,2.034188,0.137866,6.435897,4.792023,0.689187,1.0,0.267806,0.267806,0.267806,8.49863,0.797143,2.209621,0.624263
18470147017,1,1,351,11.68661,1.299145,0.083686,7.823362,3.863248,0.764941,1.0,0.347578,0.347578,0.347578,8.692752,0.761967,2.202151,0.597319
18505288570,2,1,351,12.538462,2.091168,0.12981,7.535613,5.002849,0.709166,1.0,0.262108,0.262108,0.262108,6.751963,0.568009,1.775083,0.433331
18535251369,3,2,351,12.911681,3.190883,0.175168,6.131054,6.780627,0.613238,1.0,0.190883,0.190883,0.190883,8.970259,0.7467,2.740746,0.538737
18550127145,3,2,353,12.29745,2.889518,0.180249,6.33711,5.96034,0.631526,1.0,0.212465,0.212465,0.212465,9.540618,0.849912,3.149856,0.589012
18551060410,3,2,351,11.698006,2.424501,0.157135,6.504274,5.193732,0.677751,1.0,0.25641,0.25641,0.25641,7.805735,0.745574,2.228689,0.551642
18623356438,3,2,351,10.994302,2.276353,0.162423,6.450142,4.54416,0.684773,1.0,0.233618,0.233618,0.233618,6.488533,0.650788,2.461205,0.430603
18628932616,1,1,350,13.182857,1.72,0.09545,7.84,5.342857,0.700468,1.0,0.254286,0.254286,0.254286,8.611069,0.695259,3.25744,0.427877
18635102186,2,1,374,13.852941,2.893048,0.141172,7.783422,6.069519,0.704061,1.0,0.302139,0.302139,0.302139,26.037372,2.105828,6.485527,1.646878
18636055184,3,2,351,11.381766,2.589744,0.169384,6.461538,4.920228,0.680402,1.0,0.282051,0.282051,0.282051,5.986117,0.599371,2.443744,0.36281
18648870798,3,2,351,10.270655,1.566952,0.112035,6.549858,3.720798,0.741985,1.0,0.344729,0.344729,0.344729,8.695738,0.893111,3.226046,0.600675
18658317186,1,1,351,11.507123,1.353276,0.077572,7.817664,3.689459,0.786029,1.0,0.358974,0.358974,0.358974,8.073191,0.719003,2.603379,0.460529
18664891854,3,2,351,11.558405,2.68661,0.172948,6.336182,5.222222,0.664136,1.0,0.216524,0.216524,0.216524,8.312954,0.820392,3.427724,0.466692
18702113651,2,1,351,12.766382,1.880342,0.089552,7.774929,4.991453,0.75636,1.0,0.373219,0.373219,0.373219,12.197692,1.026093,4.346749,0.65028
18738385115,1,1,351,13.492877,2.846154,0.168654,7.569801,5.923077,0.667535,1.0,0.159544,0.159544,0.159544,7.412217,0.642798,2.650903,0.396483
18758415613,3,2,351,11.139601,2.39886,0.161642,6.353276,4.786325,0.687619,1.0,0.250712,0.250712,0.250712,7.507316,0.787269,3.836846,0.394059
18759898127,1,1,355,17.512676,4.661972,0.197526,7.926761,9.585915,0.59492,1.0,0.132394,0.132394,0.132394,12.859456,0.860382,4.420975,0.52528
18765816132,3,2,351,11.965812,2.806268,0.173167,6.333333,5.632479,0.64474,1.0,0.19943,0.19943,0.19943,6.238285,0.581276,1.938154,0.426418
18767587251,3,2,449,12.291759,3.142539,0.201443,6.30735,5.98441,0.625572,1.0,0.187082,0.187082,0.187082,7.609472,0.702392,2.761579,0.46506
18770248267,3,2,351,10.897436,2.005698,0.141802,6.367521,4.529915,0.685449,1.0,0.236467,0.236467,0.236467,8.231105,0.816501,2.298607,0.605881
18779635230,2,1,351,13.760684,2.763533,0.142687,7.823362,5.937322,0.698248,1.0,0.267806,0.267806,0.267806,8.104584,0.652576,2.275162,0.480635
18788602542,3,2,351,11.564103,2.854701,0.198304,6.304843,5.259259,0.657612,1.0,0.225071,0.225071,0.225071,5.899863,0.541157,1.348764,0.430043
18802233956,2,1,351,16.561254,4.079772,0.180843,7.695157,8.866097,0.596757,1.0,0.182336,0.182336,0.182336,9.751311,0.640565,1.890031,0.514977
18858439149,1,1,351,16.447293,4.236467,0.193641,7.85755,8.589744,0.607579,1.0,0.19943,0.19943,0.19943,9.267043,0.61877,2.877311,0.457402
18858669530,3,2,351,11.837607,2.737892,0.161602,6.051282,5.786325,0.674138,1.0,0.304843,0.304843,0.304843,5.992362,0.564232,1.833131,0.42737
18863400213,3,2,393,12.193384,2.956743,0.186273,6.361323,5.832061,0.628553,1.0,0.165394,0.165394,0.165394,8.298028,0.736085,2.878148,0.499905
18892999389,3,2,351,12.487179,2.968661,0.174896,6.242165,6.245014,0.63289,1.0,0.22792,0.22792,0.22792,7.766259,0.669418,1.892501,0.522667
18900715287,1,1,351,16.683761,4.814815,0.213841,7.789174,8.894587,0.612745,1.0,0.188034,0.188034,0.188034,10.53104,0.714158,2.533721,0.541595
18977709116,1,1,351,16.344729,4.196581,0.194097,7.851852,8.492877,0.60717,1.0,0.176638,0.176638,0.176638,8.619858,0.539099,1.87053,0.443031
18987798980,3,2,374,11.794118,2.911765,0.183233,6.208556,5.585561,0.651386,1.0,0.221925,0.221925,0.221925,11.04892,0.905493,5.544904,0.465777
18989781863,3,2,351,10.695157,2.233618,0.162004,6.404558,4.290598,0.694903,1.0,0.250712,0.250712,0.250712,7.905593,0.770541,1.83833,0.583818
18991311567,1,1,209,14.545455,2.736842,0.126083,7.732057,6.813397,0.662587,1.0,0.205742,0.205742,0.205742,11.897225,0.918339,5.206024,0.525827
18995088003,2,1,304,19.832237,5.713816,0.19733,7.592105,12.240132,0.55729,1.0,0.171053,0.171053,0.171053,10.657664,0.55688,1.745138,0.478956
19101535688,1,1,351,10.752137,1.222222,0.080792,7.586895,3.165242,0.793118,1.0,0.384615,0.384615,0.384615,13.571627,1.302727,5.659405,0.788458
19105976006,2,1,351,16.042735,3.991453,0.182722,7.732194,8.310541,0.638347,1.0,0.216524,0.216524,0.216524,7.028279,0.488595,1.217897,0.405508
19106797817,3,2,351,10.205128,1.834758,0.139164,6.216524,3.988604,0.708492,1.0,0.293447,0.293447,0.293447,5.805083,0.607225,1.630849,0.460359
19117140692,2,1,234,15.222222,3.393162,0.142936,7.384615,7.837607,0.647938,1.0,0.239316,0.239316,0.239316,7.163915,0.539959,1.370996,0.434834
19117157381,2,1,389,13.131105,1.856041,0.102584,7.670951,5.460154,0.718182,1.0,0.257069,0.257069,0.257069,10.718658,0.872943,3.658072,0.543406
19121226909,3,2,365,12.090411,3.00274,0.184865,6.194521,5.89589,0.640011,1.0,0.210959,0.210959,0.210959,9.857518,0.990853,4.102493,0.522926
19121227169,3,2,234,9.559829,1.32906,0.099931,6.273504,3.286325,0.751843,1.0,0.371795,0.371795,0.371795,6.794081,0.768194,2.744402,0.463021
19172951031,1,1,351,17.239316,4.706553,0.194925,7.655271,9.584046,0.608913,1.0,0.205128,0.205128,0.205128,9.280188,0.620153,1.863983,0.515314
19174237696,1,1,351,11.361823,1.34188,0.075666,7.45584,3.905983,0.773566,1.0,0.376068,0.376068,0.376068,13.695362,1.301509,4.79498,0.833623
19196067936,3,2,351,11.752137,2.612536,0.174456,6.404558,5.347578,0.657102,1.0,0.213675,0.213675,0.213675,29.834553,2.743169,17.103547,1.367921
19515752958,3,2,369,12.065041,3.065041,0.183659,6.344173,5.720867,0.65066,1.0,0.222222,0.222222,0.222222,9.898691,0.913973,4.125192,0.471133
19517906371,1,1,351,12.022792,1.720798,0.105281,7.897436,4.125356,0.761426,1.0,0.327635,0.327635,0.327635,7.311892,0.661834,2.621769,0.447495
19527914854,3,2,351,10.692308,2.339031,0.163887,6.05698,4.635328,0.686877,1.0,0.276353,0.276353,0.276353,5.952083,0.604296,1.61045,0.464307
19550570076,2,1,379,12.063325,1.493404,0.080125,7.525066,4.538259,0.75942,1.0,0.358839,0.358839,0.358839,12.02481,1.05988,4.166765,0.692298
19550593600,3,2,351,12.213675,2.863248,0.187438,6.290598,5.923077,0.627232,1.0,0.168091,0.168091,0.168091,6.312376,0.580059,1.602342,0.444818
19558255983,3,2,350,12.585714,2.531429,0.150631,6.328571,6.257143,0.653881,1.0,0.24,0.24,0.24,14.474614,1.210092,5.421371,0.743656
19558285251,2,1,351,12.894587,2.079772,0.107981,7.527066,5.367521,0.721572,1.0,0.321937,0.321937,0.321937,12.509943,1.05484,3.321912,0.778633
19558285615,3,2,351,12.148148,2.88604,0.177145,6.356125,5.792023,0.652395,1.0,0.210826,0.210826,0.210826,7.124026,0.677636,2.468986,0.440213
19558287021,3,2,392,10.461735,2.270408,0.155252,6.15051,4.311224,0.70606,1.0,0.313776,0.313776,0.313776,8.363441,0.903131,3.458957,0.552968
19558287419,2,1,350,14.857143,3.088571,0.159611,7.665714,7.191429,0.634751,1.0,0.177143,0.177143,0.177143,6.968951,0.504018,1.058423,0.448456
19558288385,1,1,201,12.39801,1.363184,0.062496,7.552239,4.845771,0.76369,1.0,0.368159,0.368159,0.368159,10.309368,0.805915,3.415164,0.521725
19639339002,1,1,351,14.945869,3.618234,0.177741,7.606838,7.339031,0.640814,1.0,0.233618,0.233618,0.233618,9.168806,0.669548,2.472034,0.501543
19700919062,3,2,351,11.521368,2.712251,0.184834,6.358974,5.162393,0.660272,1.0,0.188034,0.188034,0.188034,9.082165,0.825644,2.894547,0.578644
19708246299,3,2,200,9.275,0.57,0.041142,6.575,2.7,0.805798,1.0,0.425,0.425,0.425,11.23896,1.173076,4.00192,0.779658
19713926551,3,2,355,11.557746,2.746479,0.190946,6.28169,5.276056,0.648675,1.0,0.177465,0.177465,0.177465,7.008493,0.635083,3.226558,0.374875
19831701219,1,1,351,15.353276,4.008547,0.1956,7.589744,7.763533,0.623912,1.0,0.205128,0.205128,0.205128,8.233772,0.554393,1.792165,0.451838
19834840803,3,2,351,11.287749,2.652422,0.180042,6.373219,4.91453,0.668791,1.0,0.205128,0.205128,0.205128,10.191034,0.746051,5.515721,0.453677
19852999776,2,1,351,14.179487,3.125356,0.168957,7.794872,6.384615,0.663636,1.0,0.216524,0.216524,0.216524,6.692359,0.502973,1.475843,0.404926
19859608897,3,2,351,7.518519,0.344729,0.03426,6.079772,1.438746,0.871753,1.0,0.595442,0.595442,0.595442,7.025382,0.915913,3.055598,0.543332
19861356229,1,1,351,13.931624,2.666667,0.124608,7.698006,6.233618,0.697925,1.0,0.279202,0.279202,0.279202,12.346744,0.909573,3.10767,0.667001
19861825624,3,2,351,11.310541,2.441595,0.174153,6.225071,5.08547,0.641129,1.0,0.17094,0.17094,0.17094,8.331832,0.779744,1.640672,0.669865
19881266563,2,1,352,17.244318,4.721591,0.192334,7.681818,9.5625,0.608766,1.0,0.204545,0.204545,0.204545,11.735517,0.727187,2.983932,0.544354
19948700293,3,2,482,11.560166,2.657676,0.183562,6.379668,5.180498,0.643856,1.0,0.174274,0.174274,0.174274,12.039135,1.10515,4.250664,0.735655
19970957519,1,1,351,14.162393,3.242165,0.159929,7.592593,6.569801,0.685389,1.0,0.267806,0.267806,0.267806,8.277877,0.648843,1.931416,0.518342
19975275112,3,2,351,10.774929,2.270655,0.168181,6.384615,4.390313,0.684027,1.0,0.216524,0.216524,0.216524,5.857043,0.590016,1.804738,0.423541
188709000000,3,2,351,10.606838,2.333333,0.160201,6.125356,4.481481,0.693838,1.0,0.276353,0.276353,0.276353,6.90951,0.651598,3.318917,0.387016
